family,size,lr,beta,dpo_step,elapsed_time_sec,ARC-C,GPQA,GSM8K,HellaSwag,PIQA,TruthfulQA,IFEval,Arena-Hard,MT-Bench,AlpacaEval,ELO
qwen3,0.6b,1e-06,0.01,200,1226.1,45.81911262798635,32.82828282828283,,53.49531965743876,69.0424374319913,43.18077301539407,33.420103104207946,50.93333333333333,55.74324324324324,1.2905044486733648,607.5947446215871
qwen3,0.6b,1e-06,0.01,400,2452.3,46.2457337883959,32.323232323232325,,53.714399522007575,69.58650707290533,43.15272774047148,33.12034291236142,51.16666666666666,58.55263157894737,1.2694822903388534,612.0732513669307
qwen3,0.6b,1e-06,0.01,600,3678.4,46.160409556314,30.303030303030305,,53.82393945429197,69.36887921653971,43.218082728059166,33.30767918013095,47.16666666666667,59.523809523809526,1.0721513223342634,632.0272927992604
qwen3,0.6b,1e-06,0.01,800,4904.5,46.33105802047782,31.818181818181817,,53.833897629954194,69.53210010881394,43.21633288201323,32.39343829926816,47.93333333333334,62.66233766233766,1.5847418868137075,603.3895922898274
qwen3,0.6b,1e-06,0.01,1000,6130.7,46.58703071672355,31.313131313131315,,53.804023102967534,69.47769314472254,43.24422684276389,31.46296271670279,49.36666666666666,61.82432432432432,1.320613272698451,638.6556253078936
qwen3,0.6b,1e-06,0.01,1200,7356.8,46.33105802047782,32.323232323232325,,,69.26006528835691,43.25704371895354,32.741902596222474,48.9,60.85526315789473,1.3234149587184496,596.8879630348148
qwen3,0.6b,1e-06,0.01,1400,8582.9,46.33105802047782,32.323232323232325,,53.82393945429197,69.80413492927094,43.218675220993255,33.34264196775666,48.96666666666666,60.810810810810814,1.495504934162171,627.5615294988329
qwen3,0.6b,1e-06,0.01,1600,9809.0,46.160409556314,31.818181818181817,,53.89364668392751,69.26006528835691,43.300834421558406,33.06039087399212,46.53333333333333,62.5,1.5909759886408552,562.5751735960475
qwen3,0.6b,1e-06,0.01,1800,11035.2,46.33105802047782,31.818181818181817,,53.7841067516431,69.1512513601741,43.21802751707688,33.2452337575411,50.8,60.47297297297297,1.628866890687403,600.2037154492623
qwen3,0.6b,1e-06,0.01,2000,12261.3,46.33105802047782,33.33333333333333,,53.86377215694085,69.64091403699673,43.17190065706817,33.53623940034664,50.0,62.0,1.0593827999090644,643.6153886648397
qwen3,0.6b,1e-06,0.01,2031,12451.4,46.2457337883959,31.818181818181817,43.59363153904473,53.75423222465644,69.42328618063112,43.173850760054414,56.21251612388463,48.46666666666666,61.25827814569536,1.3570068918696192,652.2110732583229
qwen3,0.6b,1e-06,0.02,200,985.5,45.64846416382253,32.82828282828283,,53.56502688707428,69.42328618063112,43.07357801269517,32.49710767430418,48.49999999999999,51.32450331125828,1.3079548530737697,614.8733418816573
qwen3,0.6b,1e-06,0.02,400,1970.9,46.160409556314,31.818181818181817,,53.75423222465644,69.64091403699673,43.18019078952451,32.79060670133024,50.6,56.80272108843537,1.228894379612416,610.2641547243841
qwen3,0.6b,1e-06,0.02,600,2956.4,46.2457337883959,31.818181818181817,,53.68452499502091,69.42328618063112,43.19803414888224,32.9729562006587,48.4,63.63636363636363,1.0954255804558268,615.4475094050568
qwen3,0.6b,1e-06,0.02,800,3941.9,46.2457337883959,31.818181818181817,,53.843855805616414,69.47769314472254,43.2794651816132,33.420103104207946,43.766666666666666,55.71428571428572,1.1931526177650391,630.6847667026393
qwen3,0.6b,1e-06,0.02,1000,4927.3,46.33105802047782,31.818181818181817,,53.82393945429197,69.53210010881394,43.28269056009819,33.835999592193154,51.23333333333333,65.78947368421053,1.0549305149244044,602.5583328704806
qwen3,0.6b,1e-06,0.02,1200,5912.8,46.33105802047782,32.323232323232325,,53.833897629954194,69.64091403699673,43.27151002084744,33.748564918859735,49.86666666666667,61.224489795918366,1.2044157394273178,572.7467232165419
qwen3,0.6b,1e-06,0.02,1400,6898.3,46.2457337883959,31.313131313131315,,53.764190400318654,69.1512513601741,43.28004674684951,32.649481154447976,49.3,64.52702702702703,1.4684163137635122,607.0839272745434
qwen3,0.6b,1e-06,0.02,1600,7883.7,46.33105802047782,31.818181818181817,,53.86377215694085,69.26006528835691,43.32121989439284,33.12782306502303,48.23333333333333,61.58940397350994,1.8400957554940047,605.2223509863226
qwen3,0.6b,1e-06,0.02,1800,8869.2,46.58703071672355,32.323232323232325,,53.674566819358695,69.47769314472254,43.28704923081551,32.199840866678194,48.2,58.108108108108105,1.1338260957150368,615.9007684665831
qwen3,0.6b,1e-06,0.02,2000,9854.6,46.07508532423208,31.818181818181817,,53.85381398127864,69.26006528835691,43.31175911245712,32.56703324955562,49.16666666666666,60.738255033557046,1.1709927054450964,597.1786179359067
qwen3,0.6b,1e-06,0.02,2031,10007.4,46.41638225255973,30.303030303030305,42.380591357088704,53.73431587333201,69.31447225244831,43.39939296775846,55.23333643621148,47.8,64.62585034013605,1.2986337472358982,635.04062164546
qwen3,0.6b,1e-06,0.04,200,983.2,46.07508532423208,31.313131313131315,,53.53515236008764,69.26006528835691,43.090526737416965,33.914679716485594,48.93333333333333,57.71812080536913,1.9184241189029103,608.5735380973538
qwen3,0.6b,1e-06,0.04,400,1966.5,46.07508532423208,32.323232323232325,,53.714399522007575,69.1512513601741,43.197087117080336,34.36930677269645,48.16666666666666,56.25,1.3088369560906157,622.4568799134535
qwen3,0.6b,1e-06,0.04,600,2949.7,46.160409556314,31.818181818181817,42.30477634571645,53.77414857598089,69.64091403699673,43.298264829642335,33.457559276054205,49.0,62.08053691275168,1.1524479248530015,612.967579003823
qwen3,0.6b,1e-06,0.04,800,3933.0,46.67235494880546,30.80808080808081,41.54662623199393,53.804023102967534,69.58650707290533,43.293074683062,35.422179816220954,48.73333333333333,65.13157894736842,1.315869091927618,662.6360331946719
qwen3,0.6b,1e-06,0.04,1000,4916.2,46.41638225255973,33.83838383838384,42.0773313115997,53.843855805616414,69.2056583242655,43.43589291987956,32.95422811473557,49.4,65.17241379310344,1.470491020294668,589.8226369141203
qwen3,0.6b,1e-06,0.04,1200,5899.5,46.41638225255973,31.818181818181817,42.53222137983321,53.89364668392751,69.36887921653971,43.360071489403,31.950059176318835,49.766666666666666,62.24489795918368,0.8615665909090261,654.8585425285195
qwen3,0.6b,1e-06,0.04,1400,6882.7,46.33105802047782,32.82828282828283,42.45640636846096,53.74427404899422,69.31447225244831,43.3584444132496,32.07245663727798,46.266666666666666,59.74025974025974,1.535840599615875,606.4561318687295
qwen3,0.6b,1e-06,0.04,1600,7866.0,46.41638225255973,32.323232323232325,43.59363153904473,53.75423222465644,69.36887921653971,43.326424529931465,32.600777049340195,49.93333333333333,61.66666666666667,1.01228347985093,614.0248290143434
qwen3,0.6b,1e-06,0.04,1800,8849.2,46.2457337883959,31.313131313131315,43.13874147081122,53.82393945429197,69.69532100108815,43.18141406852207,33.139070998284545,49.06666666666666,64.23841059602648,0.8890405543946193,628.4372475536622
qwen3,0.6b,1e-06,0.04,2000,9832.4,46.33105802047782,31.818181818181817,42.00151630022744,53.64469229237204,69.74972796517955,43.24489720268516,33.16655363324867,50.33333333333333,61.564625850340136,1.3280091098801463,677.8009400902923
qwen3,0.6b,1e-06,0.04,2031,9984.8,46.2457337883959,32.323232323232325,42.60803639120546,53.804023102967534,69.58650707290533,43.223861510880205,56.81951666023928,49.36666666666666,62.08053691275168,1.0636267609167742,638.1027551142575
qwen3,0.6b,2e-06,0.01,200,982.8,45.81911262798635,31.818181818181817,41.39499620924943,53.674566819358695,69.31447225244831,43.08722411546732,32.785619932889176,49.5,67.66666666666666,1.1733027900518742,646.760611823215
qwen3,0.6b,2e-06,0.01,400,1965.5,46.67235494880546,32.82828282828283,45.33737680060652,54.15255925114519,69.58650707290533,43.60001734636981,32.164878079052464,48.8,70.62937062937063,2.0617845228487206,624.9962117361185
qwen3,0.6b,2e-06,0.01,600,2948.3,47.01365187713311,30.303030303030305,45.640636846095525,54.26209918342959,69.64091403699673,44.08558906610148,35.37596909533372,49.4,66.66666666666666,2.059666178464033,642.6026296724809
qwen3,0.6b,2e-06,0.01,800,3931.0,46.92832764505119,30.303030303030305,45.109931766489765,54.31189006174069,69.80413492927094,44.28780094454384,35.80560690080098,53.33333333333333,77.21088435374149,2.4088514609286698,656.607394654308
qwen3,0.6b,2e-06,0.01,1000,4913.8,46.84300341296928,29.7979797979798,45.56482183472328,54.49113722366062,69.64091403699673,44.498435038260745,35.71318545902649,51.03333333333333,71.72413793103448,2.5325595662012463,649.7134464888351
qwen3,0.6b,2e-06,0.01,1200,5896.5,46.92832764505119,30.303030303030305,45.109931766489765,54.46126269667397,69.58650707290533,44.47971903521091,36.7673328989304,51.46666666666667,70.86330935251799,2.5307244144020578,671.2755275106272
qwen3,0.6b,2e-06,0.01,1400,6879.3,47.01365187713311,33.33333333333333,46.70204700530705,54.38159729137622,69.80413492927094,44.38800909454814,36.6062048697456,51.4,76.59574468085107,2.857771262240586,666.8163978749795
qwen3,0.6b,2e-06,0.01,1600,7862.0,46.75767918088737,31.818181818181817,45.79226686884003,54.43138816968731,69.74972796517955,44.52255590726424,37.58665895379815,51.86666666666667,70.8904109589041,3.318959812316719,643.5243805983657
qwen3,0.6b,2e-06,0.01,1800,8844.8,46.92832764505119,30.80808080808081,46.39878695981805,54.39155546703845,69.91294885745376,44.41324932100968,36.73735687974574,52.5,73.3108108108108,2.7294684848309383,632.2434456679366
qwen3,0.6b,2e-06,0.01,2000,9827.5,46.67235494880546,31.313131313131315,45.56482183472328,54.47122087233619,69.74972796517955,44.49385342380191,35.16364357682061,50.06666666666666,69.23076923076923,3.249818447729204,636.676869439096
qwen3,0.6b,2e-06,0.01,2031,9979.8,46.67235494880546,31.818181818181817,45.41319181197877,54.44134634534953,69.96735582154517,44.433031565368566,51.48018369038595,52.49999999999999,76.01351351351352,2.713293975480722,655.4812647763208
qwen3,0.6b,2e-06,0.02,200,989.2,46.41638225255973,32.323232323232325,41.31918119787718,53.70444134634534,69.26006528835691,43.201687098261125,33.22024450679752,50.73333333333333,60.59602649006622,1.654086506007597,620.8505279336048
qwen3,0.6b,2e-06,0.02,400,1978.4,46.75767918088737,31.313131313131315,44.50341167551175,54.08285202150967,69.96735582154517,43.69085972486401,31.661546917733837,50.633333333333326,67.3469387755102,1.6421666313697718,657.8932779084896
qwen3,0.6b,2e-06,0.02,600,2967.6,46.75767918088737,31.313131313131315,46.32297194844579,54.31189006174069,69.74972796517955,44.15856983567495,33.9746317548549,48.96666666666667,68.12080536912751,2.154578753287579,639.2727363426
qwen3,0.6b,2e-06,0.02,800,3956.8,46.84300341296928,31.818181818181817,45.94389689158454,54.26209918342959,69.85854189336234,44.29191483747601,37.04082944365396,50.03333333333333,70.2054794520548,1.9373170031376847,666.7954641542385
qwen3,0.6b,2e-06,0.02,1000,4946.0,46.75767918088737,32.323232323232325,44.806671721000754,54.38159729137622,69.74972796517955,44.38253939951497,36.445076840560816,51.53333333333333,66.55172413793103,2.2752469657573595,652.9516266399484
qwen3,0.6b,2e-06,0.02,1200,5935.1,47.098976109215016,29.29292929292929,46.17134192570128,54.36168094005178,69.53210010881394,44.329735678219215,35.99543655279104,52.16666666666666,70.6081081081081,1.9495313578156,662.2618280455497
qwen3,0.6b,2e-06,0.02,1400,6924.3,47.01365187713311,29.7979797979798,46.85367702805156,54.31189006174069,69.64091403699673,44.46679116451838,34.95381144252805,49.23333333333333,68.27586206896552,1.856629796481502,672.603863324807
qwen3,0.6b,2e-06,0.02,1600,7913.5,46.67235494880546,31.313131313131315,45.26156178923426,54.29197371041625,69.91294885745376,44.3291022058325,35.808100285021524,50.36666666666666,68.83561643835617,2.448643276586206,621.0470676420978
qwen3,0.6b,2e-06,0.02,1800,8902.7,46.92832764505119,31.313131313131315,45.48900682335103,54.29197371041625,69.26006528835691,44.36895393461704,35.7206656116881,49.4,68.24324324324324,2.2248194593692725,639.4819898078393
qwen3,0.6b,2e-06,0.02,2000,9891.9,47.01365187713311,32.323232323232325,44.88248673237301,54.31189006174069,69.74972796517955,44.36453305401161,36.04292167005767,51.56666666666666,69.93006993006993,2.1241820669326152,636.7650329212895
qwen3,0.6b,2e-06,0.02,2031,10045.2,46.67235494880546,29.29292929292929,46.01971190295679,54.28201553475404,69.80413492927094,44.42160621799143,51.493925007868015,53.03333333333333,71.37931034482759,1.9203776709385043,649.8674287392313
qwen3,0.6b,2e-06,0.04,200,982.4,46.160409556314,32.82828282828283,41.69825625473844,53.74427404899422,69.69532100108815,43.10437099728174,33.59120467027486,49.5,61.920529801324506,1.6463718845373707,597.6450989578154
qwen3,0.6b,2e-06,0.04,400,1964.8,46.2457337883959,32.323232323232325,43.21455648218348,54.02310296753635,69.53210010881394,43.54609111694271,32.515835760227304,50.49999999999999,67.11409395973155,1.5927794814776666,662.0638968929927
qwen3,0.6b,2e-06,0.04,600,2947.2,46.58703071672355,30.80808080808081,43.59363153904473,54.13264289982075,69.74972796517955,43.98910588081564,35.05620642118468,48.96666666666667,67.68707482993197,2.133163003667831,646.8252900780828
qwen3,0.6b,2e-06,0.04,800,3929.5,46.67235494880546,32.323232323232325,45.26156178923426,54.07289384584744,69.58650707290533,44.21391537813084,34.47170175135308,51.7,69.72789115646259,2.588769253689613,682.5672814240667
qwen3,0.6b,2e-06,0.04,1000,4911.9,46.84300341296928,32.323232323232325,44.95830174374526,54.09281019717188,69.80413492927094,44.127832530578445,35.171123729482225,52.56666666666666,71.42857142857143,2.2035882401837266,691.2095015229544
qwen3,0.6b,2e-06,0.04,1200,5894.3,46.50170648464164,31.313131313131315,45.03411675511752,54.172475602469625,69.47769314472254,44.120224167720856,34.988774230153766,50.43333333333334,70.06802721088435,2.293356606409362,633.0414526688785
qwen3,0.6b,2e-06,0.04,1400,6876.7,46.75767918088737,30.80808080808081,45.109931766489765,54.25214100776737,69.80413492927094,44.1844589400792,34.85263545171257,49.36666666666666,70.27027027027027,2.392437515401615,651.6616750555747
qwen3,0.6b,2e-06,0.04,1600,7859.1,46.41638225255973,31.313131313131315,45.640636846095525,54.212308305118505,69.91294885745376,44.22361035600319,35.32599059384655,50.66666666666666,67.56756756756756,2.5646652255751072,651.192710893847
qwen3,0.6b,2e-06,0.04,1800,8841.5,46.84300341296928,29.29292929292929,44.88248673237301,54.13264289982075,69.64091403699673,44.17718616737206,34.39551501128118,48.7,66.10738255033557,2.9437655947757824,684.6902254437044
qwen3,0.6b,2e-06,0.04,2000,9823.9,46.75767918088737,29.29292929292929,44.95830174374526,54.182433778131845,69.69532100108815,44.15045830241419,35.217334450369464,50.83333333333333,65.87837837837837,2.674373872842346,637.6314746383651
qwen3,0.6b,2e-06,0.04,2031,9976.1,46.41638225255973,30.303030303030305,46.24715693707354,54.15255925114519,69.80413492927094,44.09891982724886,54.29909307304619,52.133333333333326,74.82758620689656,2.847505470103505,695.9365150677125
qwen3,0.6b,4e-06,0.01,200,990.2,46.84300341296928,31.818181818181817,44.655041698256255,54.30193188607847,69.74972796517955,43.81960629887181,31.435480081738675,49.1,64.86486486486487,2.014606841932736,620.3549261078182
qwen3,0.6b,4e-06,0.01,400,1980.3,47.6962457337884,30.303030303030305,47.91508718726308,54.86954789882493,69.69532100108815,45.497407866648814,37.614141588762266,56.2,72.69503546099291,3.66632860820246,640.5936567619774
qwen3,0.6b,4e-06,0.01,600,2970.5,47.269624573378834,30.303030303030305,47.83927217589083,54.93925512846046,69.47769314472254,45.80069194873059,41.69575614923957,55.33333333333333,72.69503546099291,3.0878076198828808,643.8753319671364
qwen3,0.6b,4e-06,0.01,800,3960.6,46.92832764505119,31.313131313131315,46.55041698256255,55.098585939055965,69.58650707290533,45.68058756548199,40.10331476039132,55.86666666666667,68.4931506849315,3.418747021116532,650.9503765484008
qwen3,0.6b,4e-06,0.01,1000,4950.8,47.610921501706486,31.818181818181817,47.460197119029566,55.04879506074487,69.74972796517955,45.759640556476334,40.31564027890442,56.0,69.71830985915493,3.353680343645134,651.8001173297923
qwen3,0.6b,4e-06,0.01,1200,5941.0,47.610921501706486,31.313131313131315,47.99090219863533,55.108544114718185,69.80413492927094,45.807200127469294,39.47259936967247,55.83333333333333,69.20289855072464,3.7333946011464496,637.9743459159024
qwen3,0.6b,4e-06,0.01,1400,6931.1,47.269624573378834,30.303030303030305,46.7778620166793,55.098585939055965,69.64091403699673,45.974173563114704,39.41015394708263,57.46666666666667,65.54054054054053,4.13661392775232,637.5012863561873
qwen3,0.6b,4e-06,0.01,1600,7921.3,47.44027303754266,31.313131313131315,46.85367702805156,54.929296952798246,69.85854189336234,45.87140103210871,38.67698816916892,58.56666666666666,70.27972027972028,3.1843021278809336,646.4625119272017
qwen3,0.6b,4e-06,0.01,1800,8911.4,47.781569965870304,30.80808080808081,46.32297194844579,54.919338777136026,69.69532100108815,45.75496244052443,39.37768454367744,57.96666666666666,69.09722222222221,3.5620958384016124,653.8343280346028
qwen3,0.6b,4e-06,0.01,2000,9901.6,47.44027303754266,31.313131313131315,46.7778620166793,54.86954789882493,69.91294885745376,46.04747880581933,39.89725040669867,56.63333333333333,69.79166666666666,3.6967689164375774,650.6763598347709
qwen3,0.6b,4e-06,0.01,2031,10055.1,47.44027303754266,30.80808080808081,46.6262319939348,54.99900418243377,69.64091403699673,46.00130426228415,49.8203101105068,58.86666666666666,69.79166666666666,3.2986086298116883,665.9862105334089
qwen3,0.6b,4e-06,0.02,200,987.6,47.01365187713311,31.313131313131315,44.88248673237301,54.23222465644294,69.42328618063112,43.65722269064116,32.65197453866851,47.96666666666667,68.12080536912751,2.3462387583921984,644.2729560029923
qwen3,0.6b,4e-06,0.02,400,1975.2,47.35494880546075,30.80808080808081,46.70204700530705,54.67038438558056,69.42328618063112,45.07053846623656,36.74483703240735,53.86666666666667,69.93006993006993,3.1017833802678787,658.6330873583864
qwen3,0.6b,4e-06,0.02,600,2962.9,47.44027303754266,27.77777777777778,45.716451857467774,54.63055168293168,69.42328618063112,45.3014530632332,41.90808166775268,54.93333333333333,79.13669064748201,3.3298796683409195,644.2898651668905
qwen3,0.6b,4e-06,0.02,800,3950.5,47.525597269624576,30.80808080808081,44.579226686884006,54.690300736904994,69.91294885745376,45.47131326067365,39.49382083981613,55.16666666666666,70.50359712230215,3.678459400962468,664.7318252830015
qwen3,0.6b,4e-06,0.02,1000,4938.1,47.18430034129693,31.818181818181817,44.88248673237301,54.76000796654053,69.85854189336234,45.46980476417865,38.90056162094354,56.133333333333326,71.78571428571429,3.5097464713481505,635.9950444673095
qwen3,0.6b,4e-06,0.02,1200,5925.7,47.35494880546075,31.313131313131315,44.124336618650496,54.82971519617607,69.69532100108815,45.58109598115186,39.35895645775431,54.89999999999999,69.50354609929079,3.954345534471508,644.7766018929442
qwen3,0.6b,4e-06,0.02,1400,6913.3,47.01365187713311,30.80808080808081,43.290371493555725,54.720175263891655,70.02176278563657,45.59615379648454,40.79774997007939,55.2,67.02898550724638,3.5306295730977864,664.6970779733731
qwen3,0.6b,4e-06,0.02,1600,7901.0,47.01365187713311,30.80808080808081,44.73085670962851,54.720175263891655,69.85854189336234,45.48961917960559,41.21990762288505,57.86666666666666,74.45255474452554,4.002552866505142,613.23904400487
qwen3,0.6b,4e-06,0.02,1800,8888.6,47.610921501706486,29.29292929292929,44.806671721000754,54.74009161521609,69.69532100108815,45.40051003703145,39.3477085244928,54.6,66.90140845070422,3.4549671901738903,649.4213074619959
qwen3,0.6b,4e-06,0.02,2000,9876.2,47.269624573378834,30.303030303030305,44.579226686884006,54.85958972316271,69.85854189336234,45.53447914391133,38.93430542072811,58.3,70.8029197080292,3.8281694334779934,660.5633087091048
qwen3,0.6b,4e-06,0.02,2031,10029.3,47.35494880546075,31.313131313131315,42.75966641394996,54.67038438558056,69.96735582154517,45.51168656823846,52.28576842777164,54.9,71.64179104477611,4.029270422976101,629.9740400674206
qwen3,0.6b,4e-06,0.04,200,992.4,46.67235494880546,32.323232323232325,43.06292645943897,53.97331208922525,69.80413492927094,43.779956416719855,31.800179080395573,48.43333333333334,69.0,2.0848027876270603,654.99832955586
qwen3,0.6b,4e-06,0.04,400,1984.8,47.01365187713311,31.818181818181817,44.95830174374526,54.54092810197172,69.96735582154517,44.61560841674114,38.05375293111168,51.23333333333333,74.64788732394366,3.0954085185586075,637.3377251868125
qwen3,0.6b,4e-06,0.04,600,2977.3,46.84300341296928,30.80808080808081,43.89689158453373,54.47122087233619,69.69532100108815,45.0330025778885,39.59998359907268,52.633333333333326,72.02797202797203,2.839635502570709,660.9268475819586
qwen3,0.6b,4e-06,0.04,800,3969.7,47.098976109215016,32.82828282828283,43.290371493555725,54.511053574985056,70.02176278563657,45.14098139510631,36.6386742731508,52.5,70.8904109589041,2.750412279829751,631.522211319234
qwen3,0.6b,4e-06,0.04,1000,4962.1,47.35494880546075,29.7979797979798,43.97270659590599,54.56084445329616,69.74972796517955,45.31718039585008,37.510472213726246,55.53333333333333,72.6027397260274,2.7411363532893267,695.8038498723369
qwen3,0.6b,4e-06,0.04,1200,5954.5,46.92832764505119,29.29292929292929,42.75966641394996,54.550886277633936,69.47769314472254,45.377977205358015,39.9322131943244,54.2,73.64864864864865,2.8606657383741583,634.3328304588064
qwen3,0.6b,4e-06,0.04,1400,6946.9,47.18430034129693,30.80808080808081,41.24336618650493,54.68034256124278,69.74972796517955,45.27404610627994,38.849364131615225,53.36666666666666,70.27972027972028,3.096391665691653,645.9490570447875
qwen3,0.6b,4e-06,0.04,1600,7939.3,47.01365187713311,31.313131313131315,41.39499620924943,54.66042620991834,69.69532100108815,45.22481814050688,39.57876212892902,56.03333333333333,70.14388489208633,2.531695706744334,645.7567819438162
qwen3,0.6b,4e-06,0.04,1800,8931.8,47.35494880546075,30.303030303030305,40.86429112964367,54.5807608046206,70.23939064200218,45.25797943087569,38.57708657473282,54.86666666666667,69.58041958041959,2.443569950955035,651.2037101699767
qwen3,0.6b,4e-06,0.04,2000,9924.2,46.84300341296928,30.80808080808081,41.09173616376042,54.67038438558056,70.18498367791078,45.251949714095,38.10871820103991,53.86666666666666,76.33333333333333,3.4414222870223767,648.4643907131725
qwen3,0.6b,4e-06,0.04,2031,10078.0,47.01365187713311,31.818181818181817,41.47081122062168,54.62059350726947,70.02176278563657,45.40564348736282,53.75204457506084,54.0,71.63120567375887,2.7330265348708886,648.3466231443128
qwen3,0.6b,8e-06,0.01,200,972.5,47.44027303754266,31.818181818181817,48.824867323730096,55.068711412069305,69.85854189336234,46.27836589451726,46.0022185578709,54.766666666666666,66.90140845070422,4.000912114883016,674.065213742856
qwen3,0.6b,8e-06,0.01,400,1944.9,47.6962457337884,32.82828282828283,43.06292645943897,55.15833499302928,69.74972796517955,46.39903622809377,49.24577897755732,55.43333333333333,71.27659574468085,3.905599810274359,651.7391296271949
qwen3,0.6b,8e-06,0.01,600,2917.4,48.03754266211604,31.313131313131315,40.33358605003791,55.35749850627365,69.26006528835691,46.214373202073936,50.66584440395927,59.23333333333333,70.13888888888889,4.470092434272609,641.8361792968392
qwen3,0.6b,8e-06,0.01,800,3889.9,48.12286689419796,30.80808080808081,35.10235026535254,55.4371639115714,69.64091403699673,45.51156518478761,49.94520095568647,56.16666666666666,70.74829931972789,4.279641677902863,646.3780814822715
qwen3,0.6b,8e-06,0.01,1000,4862.4,48.4641638225256,28.28282828282828,36.16376042456406,55.51682931686916,69.64091403699673,45.75197127064092,49.83028364738893,57.23333333333333,67.95774647887323,4.512208253684878,629.8391646471594
qwen3,0.6b,8e-06,0.01,1200,5834.8,48.37883959044368,29.29292929292929,34.26838514025777,55.447122087233616,69.85854189336234,45.48922197865837,49.697912649547646,54.53333333333333,68.15068493150685,4.820821535977786,656.9319886047477
qwen3,0.6b,8e-06,0.01,1400,6807.3,48.634812286689424,29.29292929292929,34.495830174374525,55.5467038438558,69.36887921653971,45.59286203376501,49.76035807213748,53.2,69.64285714285714,4.5947463571090985,623.0212312207859
qwen3,0.6b,8e-06,0.01,1600,7779.8,48.37883959044368,28.78787878787879,32.221379833206974,55.49691296554471,69.42328618063112,45.563704531127854,50.46853459930761,54.96666666666667,73.61111111111111,3.934826303856421,617.6198232885208
qwen3,0.6b,8e-06,0.01,1800,8752.2,48.12286689419796,30.303030303030305,33.35860500379076,55.67616012746465,69.69532100108815,45.61015949782903,48.372762049140725,53.83333333333333,71.63120567375887,3.92056837405474,656.42848972166
qwen3,0.6b,8e-06,0.01,2000,9724.7,48.72013651877133,29.7979797979798,33.05534495830174,55.47699661422028,69.36887921653971,45.5347631890356,49.7953208597632,52.73333333333333,70.14388489208633,4.107334466310316,647.504183689637
qwen3,0.6b,8e-06,0.01,2031,9875.4,48.37883959044368,28.78787878787879,32.44882486732373,55.57657837084247,69.64091403699673,45.45959939459442,51.56135719889892,54.86666666666666,72.22222222222221,4.89750636000754,661.9758145875475
qwen3,1.7b,1e-06,0.01,200,1234.7,56.74061433447098,22.22222222222222,34.874905231235786,67.38697470623381,75.29923830250273,47.30731791258,40.24571470365298,51.83333333333333,54.63576158940398,4.814955547216571,727.1469132028778
qwen3,1.7b,1e-06,0.01,400,2469.4,57.16723549488054,23.737373737373737,37.37680060652009,67.50647281418044,75.62568008705114,47.19304311445048,40.60165915326889,55.133333333333326,60.13513513513513,5.776712732873563,792.3907540267903
qwen3,1.7b,1e-06,0.01,600,3704.2,57.76450511945392,20.707070707070702,39.72706595905989,67.66580362477595,75.62568008705114,47.24352352221783,39.82355705084731,58.266666666666666,66.22516556291392,5.3722733193908105,824.879337589205
qwen3,1.7b,1e-06,0.01,800,4938.9,57.5938566552901,23.232323232323232,41.015921152388174,67.67576180043817,75.73449401523395,47.33075755417174,41.83438831190131,58.266666666666666,66.78321678321679,6.011282608004024,819.5562748996696
qwen3,1.7b,1e-06,0.01,1000,6173.6,57.67918088737202,21.71717171717172,42.15314632297195,67.51643098984266,75.68008705114254,47.31209748160815,40.71031529674597,59.23333333333333,68.70748299319727,6.773768844688542,832.6963103322948
qwen3,1.7b,1e-06,0.01,1200,7408.3,57.16723549488054,23.737373737373737,41.16755117513268,67.66580362477595,75.73449401523395,47.37764095269204,39.98091729943217,59.33333333333333,63.60544217687075,6.023257882880414,798.9838837956462
qwen3,1.7b,1e-06,0.01,1400,8643.0,57.76450511945392,21.71717171717172,40.86429112964367,67.79525990838479,75.62568008705114,47.40441334629296,39.21655651449266,58.83333333333333,70.74829931972789,5.722454813612539,791.2415940255275
qwen3,1.7b,1e-06,0.01,1600,9877.7,57.67918088737202,21.21212121212121,41.69825625473844,67.57618004381597,75.84330794341676,47.38754493521216,39.75235707921648,55.23333333333333,68.83116883116884,5.679001299346672,802.5254368586698
qwen3,1.7b,1e-06,0.01,1800,11112.5,57.5938566552901,20.707070707070702,41.9257012888552,67.54630551682932,75.51686615886834,47.33895819778529,39.82605043506784,57.83333333333333,58.333333333333336,6.087313537740224,831.6095274769929
qwen3,1.7b,1e-06,0.01,2000,12347.2,57.508532423208194,20.707070707070702,41.77407126611069,67.59609639514042,75.62568008705114,47.3850730703105,40.21573868446833,60.5,66.11842105263158,5.762843260747009,797.3751567718045
qwen3,1.7b,1e-06,0.01,2031,12538.6,57.5938566552901,19.696969696969692,40.33358605003791,67.54630551682932,75.40805223068553,47.26516381307624,65.92197591280026,58.266666666666666,63.85135135135135,6.037494891639752,854.5315118359919
qwen3,1.7b,1e-06,0.02,200,1228.4,56.8259385665529,21.71717171717172,34.950720242608035,67.3770165305716,75.62568008705114,47.36166358856151,40.41930965394043,55.46666666666667,56.9078947368421,4.155658162477762,801.44180380895
qwen3,1.7b,1e-06,0.02,400,2456.7,57.08191126279864,22.727272727272727,37.37680060652009,67.61601274646485,75.78890097932536,47.34722140973195,41.13745971799271,55.9,60.738255033557046,5.014910320631731,779.8867025130045
qwen3,1.7b,1e-06,0.02,600,3685.1,57.33788395904437,21.71717171717172,39.27217589082638,67.58613821947819,75.68008705114254,47.3403747795318,40.12581062691436,56.16666666666666,59.45945945945946,5.955979820875958,776.0720822547881
qwen3,1.7b,1e-06,0.02,800,4913.5,57.84982935153583,22.22222222222222,41.16755117513268,67.69567815176259,75.40805223068553,47.43539361943038,40.52547241319699,57.46666666666666,65.23178807947019,5.607003052315947,837.1340772043526
qwen3,1.7b,1e-06,0.02,1000,6141.8,57.25255972696246,22.22222222222222,40.56103108415466,67.71559450308703,75.73449401523395,47.43629642871172,40.52048564475591,55.3,65.23178807947019,5.676340501375362,793.0686711312912
qwen3,1.7b,1e-06,0.02,1200,7370.2,57.423208191126285,23.232323232323232,41.39499620924943,67.59609639514042,75.78890097932536,47.40734261989565,40.47926169230974,57.66666666666666,67.43421052631578,6.119511889033031,840.1005883062783
qwen3,1.7b,1e-06,0.02,1400,8598.6,57.5938566552901,22.727272727272727,41.24336618650493,67.43676558454491,75.62568008705114,47.39520317768366,40.57417651830476,58.7,65.33333333333333,5.820692742287893,803.9638628899376
qwen3,1.7b,1e-06,0.02,1600,9827.0,57.25255972696246,21.71717171717172,41.31918119787718,67.67576180043817,75.68008705114254,47.30697063616744,39.01547892924109,59.5,70.52980132450331,6.0040681060277805,809.6843867722997
qwen3,1.7b,1e-06,0.02,1800,11055.3,57.67918088737202,21.21212121212121,42.0773313115997,67.60605457080263,75.51686615886834,47.41922548419532,40.557941816602174,59.6,69.33333333333334,6.261545394426249,813.3035689188825
qwen3,1.7b,1e-06,0.02,2000,12283.7,57.508532423208194,22.727272727272727,41.84988627748294,67.69567815176259,75.40805223068553,47.39856202173208,41.679521447536985,59.86666666666667,68.83116883116884,5.762694648849291,806.3375989621456
qwen3,1.7b,1e-06,0.02,2031,12474.1,57.33788395904437,21.21212121212121,41.84988627748294,67.65584544911373,75.73449401523395,47.50910793225431,65.34744477985079,58.2,65.2027027027027,6.019987427367459,815.4523458407135
qwen3,1.7b,1e-06,0.04,200,1235.9,57.08191126279864,23.232323232323232,34.42001516300228,67.34714200358495,75.46245919477693,47.35078652706834,40.626648404012464,51.23333333333333,56.333333333333336,4.999794575025382,746.4058345528723
qwen3,1.7b,1e-06,0.04,400,2471.9,57.16723549488054,23.232323232323232,38.28658074298711,67.57618004381597,75.1360174102285,47.29619181928549,40.860195392669226,55.8,62.903225806451616,4.926347067383874,808.5130063036171
qwen3,1.7b,1e-06,0.04,600,3707.8,57.508532423208194,23.232323232323232,39.57543593631539,67.65584544911373,75.46245919477693,47.26394356426257,41.67076689849599,59.16666666666666,63.1578947368421,5.932386511710762,825.1549246581271
qwen3,1.7b,1e-06,0.04,800,4943.7,57.423208191126285,23.232323232323232,40.78847611827142,67.5363473411671,75.40805223068553,47.43805867015536,39.65494886900092,59.6,63.90728476821192,5.6169047404978665,794.3094004921938
qwen3,1.7b,1e-06,0.04,1000,6179.6,57.33788395904437,22.22222222222222,40.40940106141016,67.61601274646485,75.35364526659413,47.50045911465668,40.49300300979179,59.76666666666666,65.359477124183,6.264677478559364,807.8175272262567
qwen3,1.7b,1e-06,0.04,1200,7415.6,57.25255972696246,21.71717171717172,40.94010614101592,67.62597092212707,75.46245919477693,47.46450796152283,40.0358825693604,57.99999999999999,62.5,6.666584724375714,790.6263777118986
qwen3,1.7b,1e-06,0.04,1400,8651.5,57.67918088737202,20.707070707070702,39.80288097043215,67.63592909778929,75.46245919477693,47.44695893700877,39.49382083981613,55.96666666666667,61.8421052631579,6.1086660137973645,816.0263184852959
qwen3,1.7b,1e-06,0.04,1600,9887.4,57.423208191126285,24.24242424242424,42.15314632297195,67.65584544911373,75.68008705114254,47.37997413149474,40.4168162697199,59.13333333333333,62.0,5.966423114197175,809.2255664335264
qwen3,1.7b,1e-06,0.04,1800,11123.4,57.25255972696246,20.2020202020202,40.33358605003791,67.59609639514042,75.40805223068553,47.45379848565209,39.96717598195011,58.93333333333333,68.33333333333333,6.396544833336047,819.2184410904514
qwen3,1.7b,1e-06,0.04,2000,12359.3,56.8259385665529,21.71717171717172,40.86429112964367,67.50647281418044,75.1904243743199,47.44381753824005,41.21990762288505,56.73333333333333,66.0,6.624421166285847,832.9813051235744
qwen3,1.7b,1e-06,0.04,2031,12550.9,57.33788395904437,22.727272727272727,41.015921152388174,67.67576180043817,75.29923830250273,47.3650722914064,64.99150033023489,56.6,63.26530612244898,5.675274954313481,809.9902508035586
qwen3,1.7b,2e-06,0.01,200,1228.2,57.16723549488054,23.737373737373737,39.12054586808188,67.59609639514042,75.68008705114254,47.13689007732892,40.50923771149439,58.13333333333333,61.58940397350994,6.968786883099183,765.8002542059928
qwen3,1.7b,2e-06,0.01,400,2456.4,57.84982935153583,22.22222222222222,47.76345716451858,68.15375423222466,75.89771490750816,47.210308434914914,42.169111291373554,68.43333333333332,79.05405405405406,13.109597604479283,915.9602997274844
qwen3,1.7b,2e-06,0.01,600,3684.6,58.44709897610921,23.737373737373737,53.22213798332069,68.47241585341565,75.89771490750816,47.677372758789176,43.37812559564178,68.83333333333333,79.13907284768213,17.221611852454544,946.8224179288648
qwen3,1.7b,2e-06,0.01,800,4912.8,58.61774744027304,21.71717171717172,53.070507960576194,68.48237402907787,75.68008705114254,47.83585878860893,44.05255832302735,70.5,73.44827586206897,17.70606569951659,992.2612914472436
qwen3,1.7b,2e-06,0.01,1000,6141.0,58.19112627986348,20.2020202020202,53.449583017437455,68.47241585341565,76.06093579978237,47.84375500935495,44.41476393746371,73.16666666666666,76.73611111111111,18.48103171962871,947.7426771993538
qwen3,1.7b,2e-06,0.01,1200,7369.3,58.70307167235495,22.727272727272727,53.82865807429871,68.52220673172674,76.16974972796517,48.00653864846552,43.67788578748831,71.43333333333334,81.0,17.211167636260885,953.0322324146292
qwen3,1.7b,2e-06,0.01,1400,8597.5,58.10580204778157,21.21212121212121,54.05610310841546,68.41266679944235,75.73449401523395,48.15225442498859,45.51135431765493,71.1,81.08108108108108,16.86494786656862,964.4430421788062
qwen3,1.7b,2e-06,0.01,1600,9825.7,58.27645051194538,21.71717171717172,54.66262319939348,68.42262497510457,75.95212187159956,48.15607749563017,46.68413143791806,71.43333333333334,79.86577181208054,19.91665258930968,993.6011036438372
qwen3,1.7b,2e-06,0.01,1800,11053.9,58.27645051194538,22.727272727272727,55.04169825625473,68.34295956980682,75.78890097932536,48.05981530189344,45.49013284751127,70.13333333333333,76.89655172413794,18.67877548809761,916.437360790178
qwen3,1.7b,2e-06,0.01,2000,12282.1,58.53242320819113,20.707070707070702,54.66262319939348,68.5421230830512,76.06093579978237,48.16719730192082,45.08171651218766,72.9,77.3972602739726,18.7159955575238,930.2555883301308
qwen3,1.7b,2e-06,0.01,2031,12472.5,58.19112627986348,21.71717171717172,53.904473085670965,68.5421230830512,76.278563656148,48.096198787851854,62.918223646591045,71.63333333333333,76.35135135135135,18.186984881396267,957.384794780104
qwen3,1.7b,2e-06,0.02,200,1234.8,57.76450511945392,22.22222222222222,37.75587566338135,67.486556462856,75.24483133841132,47.2600731031858,41.59208677420356,56.19999999999999,56.9078947368421,6.004581271837819,814.3231597582823
qwen3,1.7b,2e-06,0.02,400,2469.6,57.84982935153583,23.232323232323232,47.460197119029566,68.15375423222466,75.51686615886834,47.40495026602666,40.18576266528368,68.16666666666666,77.24137931034483,11.832208304334218,877.0066792213607
qwen3,1.7b,2e-06,0.02,600,3704.4,58.44709897610921,21.71717171717172,52.16072782410917,68.2832105158335,76.06093579978237,47.97808437020443,41.73947348590629,67.03333333333333,77.55102040816327,13.244790818675328,977.8430757037876
qwen3,1.7b,2e-06,0.02,800,4939.2,58.53242320819113,20.2020202020202,53.449583017437455,68.36287592113125,75.57127312295974,48.27852917480046,43.320666941493016,68.9,80.79470198675497,17.32224595107884,929.5146553663086
qwen3,1.7b,2e-06,0.02,1000,6174.0,58.19112627986348,21.71717171717172,55.34495830174374,68.3927504481179,76.06093579978237,48.3717982037401,43.49176850755994,68.83333333333333,80.06756756756756,16.16497130871497,904.1557046915324
qwen3,1.7b,2e-06,0.02,1200,7408.8,58.61774744027304,20.2020202020202,54.73843821076573,68.53216490738897,76.06093579978237,48.470995581256645,44.59960682101269,71.6,78.52112676056338,16.366930167970846,970.2378914719716
qwen3,1.7b,2e-06,0.02,1400,8643.7,58.27645051194538,23.737373737373737,54.13191811978771,68.38279227245569,76.00652883569097,48.392222524279546,43.57044863185238,69.33333333333333,78.85906040268456,18.168123114062368,950.7773178889256
qwen3,1.7b,2e-06,0.02,1600,9878.5,58.70307167235495,20.2020202020202,53.980288097043214,68.31308504282015,75.78890097932536,48.36026446093468,43.6578833051858,71.13333333333333,80.55555555555556,16.80552774528824,972.5573794157776
qwen3,1.7b,2e-06,0.02,1800,11113.3,58.44709897610921,21.21212121212121,53.980288097043214,68.41266679944235,75.89771490750816,48.54993063209862,44.289873092284026,71.96666666666667,78.81944444444444,16.805481122276237,936.9572328680512
qwen3,1.7b,2e-06,0.02,2000,12348.1,58.53242320819113,22.727272727272727,54.35936315390448,68.33300139414459,76.00652883569097,48.50445558791286,45.67746911528079,71.96666666666667,87.93103448275862,16.470451736766673,952.8264606529476
qwen3,1.7b,2e-06,0.02,2031,12539.5,57.93515358361775,20.707070707070702,54.81425322213799,68.3927504481179,76.00652883569097,48.42071969809983,63.92488596922831,69.83333333333333,82.21476510067114,16.588951702511682,898.0144277815914
qwen3,1.7b,2e-06,0.04,200,1230.0,57.33788395904437,22.727272727272727,36.69446550416983,67.64588727345149,75.46245919477693,47.2292798147284,39.886002473437145,54.66666666666666,64.62585034013605,6.459564274674971,809.2971235488608
qwen3,1.7b,2e-06,0.04,400,2460.0,57.93515358361775,20.707070707070702,46.01971190295679,68.11392152957578,75.46245919477693,47.48384467816625,39.81230911758578,64.36666666666666,80.2919708029197,11.04991701837833,869.9483399307383
qwen3,1.7b,2e-06,0.04,600,3690.0,58.10580204778157,20.707070707070702,52.00909780136467,68.25333598884684,75.89771490750816,48.105522199121886,41.32607038214161,68.03333333333333,73.63013698630137,13.17648954529888,912.0650285673488
qwen3,1.7b,2e-06,0.04,800,4920.0,58.36177474402731,23.737373737373737,52.69143290371494,68.31308504282015,76.06093579978237,48.23924151457247,42.51757558832786,66.16666666666666,75.34246575342466,14.325414176967024,879.2319215347443
qwen3,1.7b,2e-06,0.04,1000,6150.1,58.36177474402731,21.71717171717172,51.78165276724791,68.2832105158335,76.16974972796517,48.57491823499979,42.02299897605021,68.83333333333333,81.69014084507043,14.090952257630924,901.6324580394888
qwen3,1.7b,2e-06,0.04,1200,7380.1,57.93515358361775,20.2020202020202,52.539802880970434,68.20354511053574,75.84330794341676,48.762681254481386,43.02467453024641,67.23333333333333,75.82781456953643,13.87747483989944,904.2942627347588
qwen3,1.7b,2e-06,0.04,1400,8610.1,58.36177474402731,22.727272727272727,52.16072782410917,68.27325234017127,75.89771490750816,48.64252442804305,41.582113237321416,68.86666666666667,81.78807947019867,13.911036250749026,911.174771647968
qwen3,1.7b,2e-06,0.04,1600,9840.1,58.02047781569966,21.71717171717172,52.91887793783169,68.2832105158335,76.06093579978237,48.53504892688127,44.64083077345887,67.13333333333333,76.64233576642336,13.071371224352218,927.8340489412112
qwen3,1.7b,2e-06,0.04,1800,11070.1,58.44709897610921,20.707070707070702,52.69143290371494,68.47241585341565,75.84330794341676,48.62712896233462,42.46887148322008,68.13333333333333,78.47222222222221,14.088535374409542,874.8619170522912
qwen3,1.7b,2e-06,0.04,2000,12300.1,58.19112627986348,21.21212121212121,53.29795299469296,68.2234614618602,75.89771490750816,48.66731887862329,41.796932140055056,67.89999999999999,81.04575163398692,13.114489640393234,948.3569470457404
qwen3,1.7b,2e-06,0.04,2031,12490.8,58.36177474402731,25.252525252525253,53.22213798332069,68.19358693487352,75.78890097932536,48.52848678351275,64.89658550423985,66.76666666666667,79.53020134228188,12.64893594219592,888.3409673051383
qwen3,1.7b,4e-06,0.01,200,1233.1,58.10580204778157,20.707070707070702,48.52160727824109,68.2334196375224,75.35364526659413,47.08028603727018,43.26071490312371,67.6,77.36486486486487,13.21773221173372,911.6768552320142
qwen3,1.7b,4e-06,0.01,400,2466.2,59.0443686006826,24.24242424242424,53.60121304018196,69.3487353116909,75.84330794341676,49.2117828654024,49.65918208132201,76.0,85.23489932885906,22.847424093392743,982.0952020099828
qwen3,1.7b,4e-06,0.01,600,3699.3,58.44709897610921,20.2020202020202,54.66262319939348,69.42840071698865,75.68008705114254,50.07091351863675,51.618815853047685,78.06666666666666,85.57046979865773,21.25298199313395,959.6214867279684
qwen3,1.7b,4e-06,0.01,800,4932.4,58.87372013651877,23.232323232323232,55.799848369977255,69.5578570005975,75.89771490750816,50.3765392688946,51.517639862232215,76.76666666666665,87.5,20.7791961534312,958.3034702904482
qwen3,1.7b,4e-06,0.01,1000,6165.5,59.30034129692833,22.727272727272727,56.33055344958302,69.63752240589524,76.16974972796517,50.58804365567418,50.796996413959405,75.83333333333334,82.6797385620915,21.76405256779205,982.0367217632212
qwen3,1.7b,4e-06,0.01,1200,7398.5,58.95904436860068,21.21212121212121,55.49658832448825,69.63752240589524,75.95212187159956,50.74956101625345,52.105912312663726,76.79999999999998,84.76821192052981,22.15537513795536,935.5556115679256
qwen3,1.7b,4e-06,0.01,1400,8631.6,59.38566552901023,19.19191919191919,56.25473843821076,69.62756423023302,75.68008705114254,50.86009688783778,50.72330305810804,77.9,84.35374149659864,22.747217469990755,945.9229380614082
qwen3,1.7b,4e-06,0.01,1600,9864.7,59.21501706484642,22.727272727272727,56.48218347232752,69.64748058155746,76.44178454842219,50.844199659942944,51.75994139992997,74.73333333333332,83.66666666666667,20.047338997376908,947.623924982894
qwen3,1.7b,4e-06,0.01,1800,11097.8,58.95904436860068,20.2020202020202,56.33055344958302,69.64748058155746,76.22415669205658,50.89586095300251,51.95353883251994,77.13333333333333,84.45945945945947,22.16496330338599,965.8385898865648
qwen3,1.7b,4e-06,0.01,2000,12330.9,59.47098976109216,20.2020202020202,56.02729340409402,69.6176060545708,75.89771490750816,50.941472857712014,49.8115555614658,77.53333333333333,83.55263157894737,22.45423539348161,954.8702846074192
qwen3,1.7b,4e-06,0.01,2031,12522.0,59.21501706484642,21.71717171717172,56.02729340409402,69.67735510854412,75.95212187159956,50.90242870086329,63.98483800759762,76.03333333333333,85.37414965986395,22.31462578031076,977.775819064024
qwen3,1.7b,4e-06,0.02,200,1230.4,57.84982935153583,21.21212121212121,45.86808188021228,68.18362875921132,75.62568008705114,47.1504584366737,40.85770200844869,67.36666666666666,76.6891891891892,12.021941866049644,875.9057683317047
qwen3,1.7b,4e-06,0.02,400,2460.9,59.30034129692833,20.707070707070702,53.449583017437455,69.16948814977097,76.16974972796517,49.70932060173853,47.42477736849337,75.63333333333333,85.95890410958904,20.03700506651204,992.2734443243252
qwen3,1.7b,4e-06,0.02,600,3691.3,58.61774744027304,22.22222222222222,56.40636846095527,69.48814977096195,76.06093579978237,50.78494585269952,49.988918292353176,75.39999999999999,83.91608391608392,20.579041120931084,929.0770776255964
qwen3,1.7b,4e-06,0.02,800,4921.7,59.21501706484642,22.22222222222222,56.55799848369977,69.5080661222864,76.22415669205658,51.00747173899699,48.5975544887565,74.36666666666666,88.43537414965986,20.3241291390448,959.6503206183812
qwen3,1.7b,4e-06,0.02,1000,6152.2,59.30034129692833,22.22222222222222,55.724033358605006,69.67735510854412,75.95212187159956,51.19708966861681,50.118795905973926,73.33333333333333,84.93150684931507,20.34176872182908,971.8180771240944
qwen3,1.7b,4e-06,0.02,1200,7382.6,59.47098976109216,21.71717171717172,57.24033358605004,69.60764787890858,75.51686615886834,51.39509984558583,50.02637446419943,76.53333333333333,89.1156462585034,21.39377133245337,937.7150813641996
qwen3,1.7b,4e-06,0.02,1400,8613.0,59.64163822525597,22.22222222222222,57.16451857467779,69.60764787890858,75.78890097932536,51.43874571467085,49.43311524532684,74.73333333333333,85.57046979865773,21.769797103284407,995.8008009602768
qwen3,1.7b,4e-06,0.02,1600,9843.5,59.21501706484642,22.727272727272727,57.16451857467779,69.54789882493527,75.84330794341676,51.514123607930514,49.29448308266511,76.0,82.5503355704698,21.66753003888093,934.383086807796
qwen3,1.7b,4e-06,0.02,1800,11073.9,59.38566552901023,20.707070707070702,56.33055344958302,69.54789882493527,75.73449401523395,51.593643256969024,49.248272361777865,77.5,78.47682119205298,22.222584883971475,915.6757875354856
qwen3,1.7b,4e-06,0.02,2000,12304.3,59.21501706484642,21.71717171717172,56.25473843821076,69.51802429794861,75.89771490750816,51.51912869790974,50.70457497218492,76.96666666666667,80.6896551724138,22.62755439351777,927.859032124414
qwen3,1.7b,4e-06,0.02,2031,12495.0,59.38566552901023,19.696969696969692,57.39196360879454,69.57777335192192,76.16974972796517,51.5501961002773,62.80707411889343,77.26666666666665,85.13513513513513,22.30176892442122,1003.3123842130246
qwen3,1.7b,4e-06,0.04,200,1231.1,57.84982935153583,21.21212121212121,44.95830174374526,68.18362875921132,75.24483133841132,47.51016091216116,40.85770200844869,64.63333333333333,78.08219178082192,10.484080040192907,894.7715223313817
qwen3,1.7b,4e-06,0.04,400,2462.1,58.53242320819113,21.21212121212121,52.61561789234269,68.72137024497113,75.95212187159956,49.496485733836856,46.992646178805565,69.53333333333333,84.82758620689656,14.998665524730484,929.45403847793
qwen3,1.7b,4e-06,0.04,600,3693.2,58.87372013651877,21.21212121212121,56.02729340409402,69.06990639314877,75.57127312295974,50.728562205077225,48.897314680603024,73.36666666666666,82.51748251748252,17.01557610695798,906.6893627368432
qwen3,1.7b,4e-06,0.04,800,4924.3,58.70307167235495,23.232323232323232,56.33055344958302,69.32881896036646,76.16974972796517,51.254018598134,51.90982149585322,72.86666666666666,77.05479452054794,19.70793026130905,1005.714485524157
qwen3,1.7b,4e-06,0.04,1000,6155.4,58.78839590443686,20.707070707070702,56.86125852918877,69.32881896036646,76.22415669205658,51.37511029169354,49.23453104429581,75.69999999999999,81.63265306122449,17.550583236508757,912.2001176126114
qwen3,1.7b,4e-06,0.04,1200,7386.4,58.78839590443686,22.727272727272727,57.543593631539046,69.32881896036646,76.16974972796517,51.62947941744596,49.36568305429594,73.1,86.07142857142858,18.659196327882743,930.0617277232903
qwen3,1.7b,4e-06,0.04,1400,8617.5,58.78839590443686,21.71717171717172,56.02729340409402,69.40848436566421,75.68008705114254,51.60336425734373,50.187502493384216,74.1,80.27210884353741,17.44075577657833,910.226407893602
qwen3,1.7b,4e-06,0.04,1600,9848.6,58.44709897610921,22.727272727272727,55.95147839272176,69.37860983867755,75.84330794341676,51.57587486832729,49.19956825667008,73.13333333333333,76.6891891891892,17.937738134938105,908.6062178842224
qwen3,1.7b,4e-06,0.04,1800,11079.7,58.36177474402731,24.24242424242424,56.70962850644428,69.33877713602868,76.11534276387377,51.54293510308043,49.90148361901976,73.5,82.06896551724138,18.250572680330208,961.3595759673055
qwen3,1.7b,4e-06,0.04,2000,12310.7,59.21501706484642,22.22222222222222,56.17892342683851,69.44831706831309,76.3329706202394,51.61164944850657,51.62757040208867,70.19999999999999,84.01360544217688,19.516337303212023,957.6748825000948
qwen3,1.7b,4e-06,0.04,2031,12501.6,58.95904436860068,22.22222222222222,56.40636846095527,69.3487353116909,76.00652883569097,51.52218817419164,64.36577170795712,71.66666666666666,78.1456953642384,16.757448535720332,952.4525870732572
qwen3,1.7b,8e-06,0.01,200,1226.1,59.47098976109216,20.707070707070702,51.3267626990144,69.48814977096195,75.73449401523395,49.2943934743539,62.5997353688214,76.66666666666666,86.01398601398601,22.001801717514034,991.5350714672162
qwen3,1.7b,8e-06,0.01,400,2452.2,59.81228668941979,21.71717171717172,51.63002274450341,70.02589125672178,76.16974972796517,51.4932303420152,63.42155480790967,77.19999999999999,83.09859154929578,21.982725928702184,943.1581752745324
qwen3,1.7b,8e-06,0.01,600,3678.3,60.40955631399317,24.747474747474747,49.43138741470811,70.19518024297949,76.16974972796517,52.81292307574896,62.376161917046765,73.69999999999999,81.75675675675676,20.966064870184635,989.882053687816
qwen3,1.7b,8e-06,0.01,800,4904.4,60.40955631399317,22.727272727272727,51.25094768764215,70.27484564827724,76.3329706202394,53.46400073548061,64.42572374632641,76.39999999999999,79.3918918918919,21.419350126982835,967.4692081790006
qwen3,1.7b,8e-06,0.01,1000,6130.5,60.75085324232082,24.24242424242424,50.49279757391963,70.39434375622386,76.44178454842219,53.46867665181401,63.97109669011556,75.13333333333333,79.72972972972973,21.821404975624528,971.4183075098424
qwen3,1.7b,8e-06,0.01,1200,7356.5,60.580204778157,23.232323232323232,50.11372251705838,70.34455287791278,76.6594124047878,53.46665099995279,63.80996866093077,75.46666666666667,80.20134228187919,21.355086929639832,938.5830176854251
qwen3,1.7b,8e-06,0.01,1400,8582.6,60.580204778157,23.737373737373737,49.65883244882487,70.47400916152161,76.22415669205658,53.43707126207976,62.664674175631774,74.13333333333333,81.84931506849315,22.084861588878905,946.4690247941004
qwen3,1.7b,8e-06,0.01,1600,9808.7,60.49488054607508,22.727272727272727,47.99090219863533,70.34455287791278,76.16974972796517,53.51077219871683,65.00524164771694,76.03333333333333,83.66666666666667,22.405136687339365,979.854016790534
qwen3,1.7b,8e-06,0.01,1800,11034.8,60.32423208191127,24.747474747474747,48.90068233510235,70.3644692292372,76.16974972796517,53.47185189559571,64.58059061069075,76.56666666666666,82.43243243243244,20.608659455005284,965.3887926109968
qwen3,1.7b,8e-06,0.01,2000,12260.9,60.665529010238906,24.747474747474747,46.70204700530705,70.43417645887273,76.550598476605,53.483336665210125,65.19008453126594,74.83333333333333,81.29251700680273,21.353091592469458,962.8628811700504
qwen3,1.7b,8e-06,0.01,2031,12451.0,60.40955631399317,23.737373737373737,47.61182714177407,70.54371639115715,76.6050054406964,53.38675302341266,65.22504731889165,76.69999999999999,78.08219178082192,21.921545131474616,952.232035454908
qwen3,4b,4e-07,0.01,200,3222.7,66.46757679180887,35.35353535353536,80.81880212282032,76.81736705835492,78.23721436343853,56.76103196125034,81.43415027682106,81.46666666666665,82.58064516129032,28.31325788424659,1180.040763575665
qwen3,4b,4e-07,0.01,400,6445.5,67.06484641638225,37.87878787878788,85.59514783927217,77.69368651663015,78.29162132752992,60.13225955358308,80.36127475099403,84.6,86.75496688741721,37.18579356156389,1214.941903943545
qwen3,4b,4e-07,0.01,600,9668.2,68.00341296928327,35.35353535353536,87.11144806671722,78.15176259709222,78.45484221980414,61.90702960961859,81.78261457377536,84.56666666666666,85.25641025641025,36.37395696813319,1210.103048771932
qwen3,4b,4e-07,0.01,800,12891.0,68.77133105802048,38.88888888888889,86.8081880212282,78.3608842859988,78.23721436343853,62.74766177381872,81.28177679667726,82.66666666666666,84.83870967741936,37.50839348907649,1207.872578814064
qwen3,4b,4e-07,0.01,1000,16113.7,69.11262798634812,36.86868686868687,85.44351781652767,78.460466042621,78.34602829162132,63.45981728142331,80.4462160401069,81.9,89.74358974358975,38.47795355348877,1209.1669834721256
qwen3,4b,4e-07,0.01,1200,19336.4,69.28327645051195,37.87878787878788,83.62395754359363,78.72933678550089,78.34602829162132,63.84895109050719,79.6656205534648,82.3,84.640522875817,40.90954914340113,1178.7791758839426
qwen3,4b,4e-07,0.01,1400,22559.2,69.45392491467577,38.38383838383838,82.33510235026536,78.73929496116313,78.50924918389553,64.17948432388269,79.25720421814121,82.06666666666666,84.4155844155844,38.68573042214219,1186.1905194554652
qwen3,4b,4e-07,0.01,1600,25781.9,69.53924914675767,37.87878787878788,82.2592873388931,78.6795459071898,78.40043525571274,64.26895773118306,79.85295682123433,80.36666666666666,87.58169934640523,40.69656458459223,1174.0924672401843
qwen3,4b,4e-07,0.01,1800,29004.7,69.6245733788396,38.38383838383838,83.69977255496588,78.72933678550089,78.56365614798693,64.44951087514845,79.01240929622291,79.56666666666666,85.03184713375796,40.45664566662664,1184.3125216442077
qwen3,4b,4e-07,0.01,2000,32227.4,69.88054607508532,37.37373737373738,83.09325246398787,78.77912766381199,78.72687704026116,64.28151408421888,78.83005979689447,80.36666666666666,84.31372549019608,42.29079270221775,1149.9448300327758
qwen3,4b,4e-07,0.01,2031,32726.9,69.6245733788396,37.87878787878788,82.71417740712661,78.81896036646087,78.67247007616976,64.47977345119321,80.58235481854811,77.96666666666667,84.35374149659864,39.01652035143688,1173.358545957613
qwen3,4b,8e-07,0.01,200,3238.5,67.06484641638225,34.84848484848485,85.67096285064443,77.64389563831907,78.29162132752992,59.81865808988278,81.42290234355953,82.0,85.09933774834437,36.70055978149423,1231.7896515237576
qwen3,4b,8e-07,0.01,400,6476.9,68.85665529010238,37.37373737373738,86.9598180439727,78.6197968532165,78.23721436343853,63.13595391369078,80.15271701308086,84.26666666666667,83.77483443708608,40.20863343353534,1193.2031294588226
qwen3,4b,8e-07,0.01,600,9715.4,70.05119453924915,38.38383838383838,81.9560272934041,79.18741286596295,78.45484221980414,65.23196332875081,80.32132519492724,80.73333333333333,84.83870967741936,40.005288695414286,1211.9062348133398
qwen3,4b,8e-07,0.01,800,12953.9,70.13651877133105,37.87878787878788,85.29188779378318,79.28699462258514,78.61806311207835,65.76067338520652,78.72639042185845,79.66666666666666,83.55263157894737,39.7529317610869,1190.102364043591
qwen3,4b,8e-07,0.01,1000,16192.4,70.30716723549489,38.88888888888889,85.51933282789992,79.4264090818562,78.78128400435256,66.29151032220938,78.34296333727842,76.66666666666666,85.16129032258064,38.72506726468014,1146.9298880651206
qwen3,4b,8e-07,0.01,1200,19430.8,70.39249146757679,37.87878787878788,85.67096285064443,79.41645090619399,78.89009793253537,66.13491631783756,78.31298731809378,81.13333333333333,78.8961038961039,40.582641236607394,1178.6676344086748
qwen3,4b,8e-07,0.01,1400,22669.3,70.81911262798634,37.37373737373738,82.94162244124337,79.54590718980283,78.83569096844396,66.4061448426948,78.41665669312978,78.76666666666667,81.33333333333333,41.6841398831667,1140.322836500743
qwen3,4b,8e-07,0.01,1600,25907.8,71.07508532423208,37.87878787878788,84.3062926459439,79.55586536546505,79.16213275299239,66.43158931110025,78.89250521948429,76.93333333333334,82.88590604026845,41.262782339543136,1165.8465276134752
qwen3,4b,8e-07,0.01,1800,29146.3,71.07508532423208,36.86868686868687,86.9598180439727,79.61561441943836,78.94450489662677,66.2874091376941,76.14978257689597,76.9,83.55263157894737,39.23884704127324,1186.7891817150007
qwen3,4b,8e-07,0.01,2000,32384.7,70.73378839590444,35.858585858585855,85.51933282789992,79.55586536546505,78.78128400435256,66.39296796025921,78.0869204820986,76.63333333333333,80.06535947712419,40.10196649857718,1184.41173170517
qwen3,4b,8e-07,0.01,2031,32886.7,70.56313993174061,36.36363636363637,86.65655799848369,79.5857398924517,78.89009793253537,66.31435888892122,77.84212556018032,77.39999999999999,82.14285714285714,42.479106487356674,1129.1816100469405
qwen3,4b,1e-06,0.01,200,2913.7,67.06484641638225,34.84848484848485,86.73237300985596,77.823142800239,78.0739934711643,60.518656066536735,75.34419783951027,84.23333333333333,86.21794871794873,38.533618598199126,1210.0366390300778
qwen3,4b,1e-06,0.01,400,5827.3,70.39249146757679,36.86868686868687,87.56633813495071,79.02808205536745,78.61806311207835,64.40122483956662,78.55778224001206,79.4,85.29411764705883,42.326343780671294,1193.4057623911874
qwen3,4b,1e-06,0.01,600,8741.0,70.73378839590444,38.88888888888889,84.00303260045489,79.45628360884285,78.89009793253537,65.39374973343809,79.4695297366543,79.16666666666667,84.31372549019608,40.73275085260097,1171.5770326558709
qwen3,4b,1e-06,0.01,800,11654.7,70.64846416382252,39.39393939393939,87.03563305534496,79.64548894642502,79.16213275299239,65.62219142777094,79.36586036161829,79.6,82.05128205128204,40.056887878000815,1189.1131757395897
qwen3,4b,1e-06,0.01,1000,14568.3,70.90443686006826,37.37373737373738,87.94541319181198,79.71519617606054,79.21653971708379,65.73418291217806,78.65020368178655,77.1,83.55704697986577,41.14730702932958,1150.5563412438014
qwen3,4b,1e-06,0.01,1200,17482.0,71.160409556314,37.37373737373738,87.41470811220621,79.76498705437164,79.27094668117519,65.42069941111845,78.62022766260189,77.0,86.36363636363636,40.54258022139955,1171.1312140232958
qwen3,4b,1e-06,0.01,1400,20395.7,71.33105802047781,36.86868686868687,87.71796815769522,79.81477793268273,79.05331882480957,65.60555508301572,77.30881837967704,78.6,81.78807947019867,40.77818494484697,1173.5447855452644
qwen3,4b,1e-06,0.01,1600,23309.3,71.24573378839591,36.86868686868687,88.09704321455648,79.81477793268273,78.99891186071817,65.3527627944854,77.90207759854962,76.1,80.5921052631579,41.14070520540559,1147.324977819676
qwen3,4b,1e-06,0.01,1800,26223.0,70.98976109215018,37.37373737373738,87.79378316906747,79.88448516231827,79.10772578890098,65.15771757781154,77.49116787900549,76.86666666666667,83.44370860927152,41.69012185669763,1094.381083680681
qwen3,4b,1e-06,0.01,2000,29136.7,71.160409556314,36.86868686868687,88.62774829416225,79.93427604062936,79.16213275299239,65.16915045170238,77.76843220432896,76.83333333333334,83.33333333333334,39.52073272100985,1157.1018961738546
qwen3,4b,1e-06,0.01,2031,29588.3,71.33105802047781,37.37373737373738,88.09704321455648,79.80481975702051,78.94450489662677,65.1655054438634,79.34713227569516,77.1,78.70967741935485,38.75179230953136,1140.9381962095422
qwen3,4b,1e-06,0.02,200,2913.7,67.4061433447099,36.86868686868687,86.9598180439727,77.61402111133239,78.29162132752992,60.463242362940015,74.225111592796,83.89999999999999,86.18421052631578,36.236164320753645,1187.1586054962413
qwen3,4b,1e-06,0.02,400,5827.3,69.7098976109215,35.858585858585855,86.12585291887794,78.56004779924318,78.40043525571274,64.35173113514028,78.14687252046791,81.1,88.63636363636364,37.6747957501518,1177.7886867801976
qwen3,4b,1e-06,0.02,600,8741.0,70.13651877133105,38.88888888888889,81.72858225928734,78.87870942043418,79.27094668117519,65.2359956444066,77.8995842143291,76.63333333333333,85.19736842105263,33.96771484887026,1135.047209405789
qwen3,4b,1e-06,0.02,800,11654.7,70.13651877133105,38.38383838383838,80.97043214556481,79.02808205536745,78.99891186071817,65.97393694743106,77.35004233212321,76.16666666666666,82.14285714285714,34.47261156794034,1132.553192898954
qwen3,4b,1e-06,0.02,1000,14568.3,70.56313993174061,37.37373737373738,83.92721758908263,79.27703644692292,79.10772578890098,65.75800421077108,77.4149811389336,71.39999999999999,80.92105263157895,32.98357054477595,1111.9445681607094
qwen3,4b,1e-06,0.02,1200,17482.0,70.64846416382252,36.86868686868687,80.89461713419257,79.28699462258514,79.16213275299239,65.4694701447283,78.3479501057195,72.56666666666666,82.02614379084967,36.982319542568085,1146.4393931663292
qwen3,4b,1e-06,0.02,1400,20395.7,70.64846416382252,36.36363636363637,77.8620166793025,79.12766381198965,78.94450489662677,66.1386538574091,77.53987198411325,66.86666666666667,81.45695364238411,36.00872327581643,1101.2146331461038
qwen3,4b,1e-06,0.02,1600,23309.3,70.56313993174061,37.37373737373738,80.89461713419257,79.1575383389763,78.99891186071817,66.252956360525,77.52363728241068,69.86666666666666,82.89473684210526,35.08908226959319,1095.4959737887489
qwen3,4b,1e-06,0.02,1800,26223.0,70.64846416382252,37.87878787878788,83.24488248673238,79.29695279824736,79.21653971708379,65.78827054278281,77.70598678173913,72.46666666666667,83.33333333333334,36.08847084203488,1127.4045560472482
qwen3,4b,1e-06,0.02,2000,29136.7,70.90443686006826,37.37373737373738,81.6527672479151,79.2670782712607,79.05331882480957,65.88285133744833,77.35502910056428,70.23333333333333,81.37931034482759,33.01596812912445,1106.1248155538158
qwen3,4b,1e-06,0.02,2031,29588.3,70.73378839590444,37.87878787878788,83.09325246398787,79.13762198765187,79.16213275299239,65.93633468812442,74.58731720723236,69.5,80.64516129032258,33.21044040636681,1142.9512496083648
qwen3,4b,1e-06,0.04,200,2913.7,66.89419795221842,35.35353535353536,87.26307808946171,77.53435570603465,78.34602829162132,59.77071319612879,71.8495813330851,82.1,82.43243243243244,31.48935128884064,1189.4938074984516
qwen3,4b,1e-06,0.04,400,5827.3,69.53924914675767,34.84848484848485,87.49052312357847,78.03226448914559,78.40043525571274,62.96574269535131,76.70431122754292,78.8,80.51948051948052,30.63719856844586,1125.0293959227752
qwen3,4b,1e-06,0.04,600,8741.0,69.88054607508532,34.84848484848485,82.10765731614859,78.28121888070105,79.05331882480957,64.52846905433564,77.36001586900534,72.46666666666667,80.66666666666666,28.846275035019143,1128.7049801215874
qwen3,4b,1e-06,0.04,800,11654.7,69.6245733788396,36.36363636363637,78.69598180439728,78.35092611033659,78.72687704026116,65.14642373905257,76.22846270118839,67.83333333333333,75.81699346405229,28.497474806625167,1071.824194306469
qwen3,4b,1e-06,0.04,1000,14568.3,70.05119453924915,35.35353535353536,78.31690674753601,78.38080063732325,79.10772578890098,65.31389188918689,78.93871594037155,68.46666666666667,75.6578947368421,28.4733029775764,1071.8339641604243
qwen3,4b,1e-06,0.04,1200,17482.0,70.05119453924915,36.86868686868687,75.89082638362396,78.44054969129655,79.16213275299239,64.93823321799948,78.1356245872064,69.83333333333333,79.80132450331125,29.329291677234465,1112.8108436125074
qwen3,4b,1e-06,0.04,1400,20395.7,70.05119453924915,36.86868686868687,75.05686125852918,78.50029874526987,78.67247007616976,65.65624964003479,74.93578150418668,68.63333333333333,76.1744966442953,27.19924934068894,1057.336178988366
qwen3,4b,1e-06,0.04,1600,23309.3,69.96587030716724,36.86868686868687,77.33131159969673,78.45050786695877,78.83569096844396,65.90050733574114,75.05568558092529,64.43333333333334,75.81699346405229,27.373373020378946,1085.4963197047432
qwen3,4b,1e-06,0.04,1800,26223.0,70.05119453924915,36.36363636363637,79.45413191811978,78.40071698864767,78.50924918389553,65.38327854650804,77.06901022619981,66.4,81.25,28.113302374268773,1046.7494521552633
qwen3,4b,1e-06,0.04,2000,29136.7,70.05119453924915,35.35353535353536,79.45413191811978,78.42063333997211,78.94450489662677,65.3938026468867,75.7113902223877,66.13333333333333,77.81456953642383,25.89833091026427,1056.852684843313
qwen3,4b,1e-06,0.04,2031,29588.3,70.05119453924915,36.86868686868687,79.37831690674754,78.5700059749054,78.78128400435256,65.5251862947413,76.29090812377824,64.6,79.60526315789474,27.71451165787201,1082.3937478755574
qwen3,4b,1e-06,0.08,200,691.6,66.89419795221842,33.33333333333333,84.38210765731615,77.28540131447919,78.23721436343853,58.80568431980485,72.63267020394775,78.0,82.46753246753246,23.049361848796977,1108.7235904780937
qwen3,4b,1e-06,0.08,400,1383.3,68.60068259385666,36.86868686868687,88.24867323730099,77.64389563831907,78.56365614798693,62.02596788956185,74.73719730315563,75.06666666666666,77.27272727272727,24.81025111733896,1128.4648542375253
qwen3,4b,1e-06,0.08,600,2074.9,68.94197952218431,35.858585858585855,83.77558756633815,77.70364469229237,78.56365614798693,63.05496530341596,77.41747452315413,71.26666666666667,78.75816993464052,20.78867369433236,1102.8672918692523
qwen3,4b,1e-06,0.08,800,2766.5,69.36860068259386,37.87878787878788,77.78620166793026,77.91276638119896,78.72687704026116,63.405980521021846,75.57774482816704,67.03333333333333,79.13907284768213,20.86262508862231,1094.3649202025726
qwen3,4b,1e-06,0.08,1000,3458.1,69.36860068259386,36.86868686868687,76.95223654283548,77.84305915156344,78.83569096844396,63.93523463239649,78.63147559586342,66.73333333333332,73.20261437908496,20.638000138716546,1046.8522653846103
qwen3,4b,1e-06,0.08,1200,4149.8,69.02730375426621,36.36363636363637,75.9666413949962,77.95259908384784,78.99891186071817,63.69038461068095,77.11272756286654,67.89999999999999,79.27631578947368,20.46582673044441,1035.6364117340358
qwen3,4b,1e-06,0.08,1400,4841.4,69.19795221843003,36.36363636363637,72.55496588324488,77.86297550288786,78.83569096844396,64.0646920107726,76.55193774739912,63.46666666666667,73.52941176470588,17.52610192660566,1068.679784009296
qwen3,4b,1e-06,0.08,1600,5533.0,69.11262798634812,36.36363636363637,75.2084912812737,77.79326827325234,78.83569096844396,64.13693984233637,76.82421530428152,64.56666666666666,74.66666666666667,19.954459562722345,1054.4864155619368
qwen3,4b,1e-06,0.08,1800,6224.6,68.94197952218431,37.37373737373738,75.28430629264594,77.91276638119896,78.89009793253537,63.99760063165968,77.25135972552826,66.23333333333333,78.0,20.01532868501931,1042.9529405602711
qwen3,4b,1e-06,0.08,2000,6916.3,69.53924914675767,38.88888888888889,73.76800606520091,77.88289185421232,78.83569096844396,63.946787665071206,75.37916062713602,64.66666666666666,75.81699346405229,18.370488691765164,1061.3403526937363
qwen3,4b,1e-06,0.08,2031,7023.5,69.6245733788396,37.37373737373738,74.45034116755117,77.78331009759012,78.99891186071817,63.98254926312412,81.21933137408742,65.26666666666665,75.16778523489933,18.47065943827639,1021.5971033043064
qwen3,4b,2e-06,0.01,200,687.9,68.85665529010238,36.86868686868687,88.32448824867323,78.8388767177853,78.61806311207835,63.70418553796176,78.30173938483225,83.66666666666666,83.98692810457517,41.61049613350919,1196.2502212375562
qwen3,4b,2e-06,0.01,400,1375.9,71.33105802047781,36.86868686868687,89.23426838514025,79.89444333798048,79.27094668117519,64.27732159187258,78.29675261639117,78.9,80.84415584415584,42.60388378662388,1186.5450929205083
qwen3,4b,2e-06,0.01,600,2063.8,71.58703071672356,37.37373737373738,89.53752843062927,80.34256124278032,79.05331882480957,66.72490538917545,79.79300478286501,77.69999999999999,83.22368421052632,42.55853404727622,1159.00017033163
qwen3,4b,2e-06,0.01,800,2751.8,71.41638225255973,37.87878787878788,89.0068233510235,80.36247759410476,78.99891186071817,67.35144389177934,75.77134226075701,72.6,82.89473684210526,38.82799867240806,1127.2554799920151
qwen3,4b,2e-06,0.01,1000,3439.7,70.98976109215018,37.87878787878788,88.17285822592874,80.30272854013145,79.379760609358,68.02366892069159,74.06525795999059,64.5,71.73913043478261,39.57605750194386,1046.3876654798469
qwen3,4b,2e-06,0.01,1200,4127.7,71.07508532423208,37.37373737373738,88.32448824867323,80.40231029675363,79.21653971708379,67.64217708385323,74.0053059216213,70.63333333333333,80.79470198675497,39.25667278503301,1117.7460108253874
qwen3,4b,2e-06,0.01,1400,4815.6,71.50170648464163,37.37373737373738,88.17285822592874,80.4421429994025,78.78128400435256,68.07870214888858,71.9457705554595,67.8,76.97368421052632,36.986009079379535,1079.3888183867691
qwen3,4b,2e-06,0.01,1600,5503.5,70.98976109215018,35.858585858585855,87.94541319181198,80.4919338777136,79.27094668117519,67.63485165055249,75.0232161775201,72.13333333333333,80.71895424836602,40.6881238766702,1108.9852517819395
qwen3,4b,2e-06,0.01,1800,6191.5,70.90443686006826,35.35353535353536,88.70356330553449,80.61143198566023,79.32535364526659,67.6543564865189,75.2080590610691,69.16666666666666,77.36486486486487,40.27311954027925,1118.0653257062895
qwen3,4b,2e-06,0.01,2000,6879.4,70.98976109215018,37.87878787878788,87.26307808946171,80.48197570205139,79.4341675734494,67.85688562514594,72.86499820476337,66.36666666666666,72.03947368421053,38.48463549002476,1085.4576292270035
qwen3,4b,2e-06,0.01,2031,6986.1,71.07508532423208,36.86868686868687,87.71796815769522,80.5417247560247,79.32535364526659,67.90466834692988,68.29878056889054,66.73333333333333,74.01315789473685,39.29415926992258,1094.427406335407
qwen3,4b,2e-06,0.02,200,692.9,68.68600682593856,36.86868686868687,89.15845337376801,78.38080063732325,78.56365614798693,63.14293833260066,75.42038457958218,80.86666666666666,87.0,36.82783240164976,1189.3017226028762
qwen3,4b,2e-06,0.02,400,1385.9,69.53924914675767,37.37373737373738,85.59514783927217,79.01812387970524,79.16213275299239,64.43352745750171,76.89541527591236,76.26666666666667,85.19736842105263,35.87220881967513,1133.964403383491
qwen3,4b,2e-06,0.02,600,2078.8,70.73378839590444,37.37373737373738,82.71417740712661,79.38657637920733,78.83569096844396,65.45676465749474,77.27136220783078,74.23333333333333,81.81818181818183,35.76523370488985,1160.590024175889
qwen3,4b,2e-06,0.02,800,2771.8,70.64846416382252,38.38383838383838,84.76118271417741,79.46624178450507,79.21653971708379,66.31269322318002,75.48033661795148,67.1,75.16129032258064,33.99756333230503,1116.013510176649
qwen3,4b,2e-06,0.02,1000,3464.7,70.73378839590444,38.38383838383838,83.47232752084913,79.33678550089624,79.4341675734494,66.25342083989017,75.08566160010992,60.06666666666666,73.05194805194806,31.01720898305556,1069.9533638924029
qwen3,4b,2e-06,0.02,1200,4157.7,70.22184300341297,39.8989898989899,83.47232752084913,79.27703644692292,79.27094668117519,66.04027919244747,74.56858912130923,66.36666666666667,77.48344370860927,34.63557041295498,1071.5782898592563
qwen3,4b,2e-06,0.02,1400,4850.6,70.73378839590444,37.37373737373738,79.37831690674754,79.09778928500299,78.89009793253537,67.11675483644393,72.72636604210162,60.23333333333333,70.33333333333334,33.2266864860342,964.1385232832512
qwen3,4b,2e-06,0.02,1600,5543.5,70.90443686006826,38.88888888888889,86.65655799848369,79.13762198765187,79.27094668117519,66.71570196864916,73.00612375164563,62.6,73.7012987012987,35.4827754495636,1059.6883443890424
qwen3,4b,2e-06,0.02,1800,6236.5,70.4778156996587,38.38383838383838,87.26307808946171,79.25712009559848,79.4885745375408,66.52157839565585,72.90245437660961,62.0,75.32467532467533,34.0140742290394,999.3129382938952
qwen3,4b,2e-06,0.02,2000,6929.4,70.64846416382252,37.37373737373738,86.9598180439727,79.17745469030073,79.379760609358,66.64749434535113,72.79130484891199,61.16666666666666,73.05194805194806,34.32265569967248,1009.374515817464
qwen3,4b,2e-06,0.02,2031,7036.8,70.64846416382252,37.87878787878788,86.2016679302502,79.29695279824736,79.379760609358,66.65678843325452,71.79838384375678,62.966666666666654,70.91503267973856,34.288916968152485,1047.5122512942382
qwen3,4b,2e-06,0.04,200,688.1,68.34470989761093,35.858585858585855,89.08263836239576,78.00238996215893,78.34602829162132,62.65436228163159,76.79673266931741,76.66666666666666,83.33333333333334,30.749953924397545,1171.564982200587
qwen3,4b,2e-06,0.04,400,1376.2,69.7952218430034,33.83838383838384,82.10765731614859,78.53017327225652,78.78128400435256,64.88031062650093,75.33294990624874,74.0,81.78807947019867,30.673688753047625,1149.5388440458632
qwen3,4b,2e-06,0.04,600,2064.3,70.39249146757679,36.36363636363637,79.52994692949204,78.57996415056762,78.72687704026116,65.63287532275048,75.2954937344025,71.33333333333333,78.1456953642384,30.66669742308671,1141.206515776462
qwen3,4b,2e-06,0.04,800,2752.4,70.64846416382252,35.858585858585855,78.99924184988627,78.66958773152759,78.94450489662677,65.98633208118446,71.85207471730564,62.73333333333333,74.18300653594771,26.45608063275248,1092.4254620828192
qwen3,4b,2e-06,0.04,1000,3440.5,70.05119453924915,38.88888888888889,77.33131159969673,78.47042421828321,79.05331882480957,65.70858268917527,76.47325762310669,61.73333333333333,75.81699346405229,25.40720712440785,1046.6478940714517
qwen3,4b,2e-06,0.04,1200,4128.6,70.13651877133105,38.88888888888889,80.0606520090978,78.42063333997211,79.32535364526659,64.60760720302112,76.01613718267531,67.6,77.45098039215686,27.671158713420464,1069.6853797095243
qwen3,4b,2e-06,0.04,1400,4816.7,70.39249146757679,37.87878787878788,81.57695223654284,78.48038239394542,78.99891186071817,65.23377397324457,76.07858260526514,61.86666666666666,72.22222222222221,25.622615214832173,1017.6786083372268
qwen3,4b,2e-06,0.04,1600,5504.8,70.30716723549489,38.38383838383838,82.03184230477635,78.29117705636327,79.32535364526659,65.4858122055669,73.62437222126181,59.53333333333333,73.35526315789474,23.906565105906168,1064.3692802599685
qwen3,4b,2e-06,0.04,1800,6193.0,70.39249146757679,36.36363636363637,83.47232752084913,78.53017327225652,79.32535364526659,64.90244575670928,74.64228247716059,64.19999999999999,75.49019607843137,26.422644374042005,1017.0151635289396
qwen3,4b,2e-06,0.04,2000,6881.1,70.13651877133105,38.38383838383838,83.77558756633815,78.49034056960765,79.21653971708379,64.82435667307568,72.91120892565061,60.266666666666666,71.47651006711409,23.751642664538384,1036.8583965445696
qwen3,4b,2e-06,0.04,2031,6987.7,69.96587030716724,37.87878787878788,83.47232752084913,78.47042421828321,78.99891186071817,64.94348457917275,73.35708143282046,60.43333333333333,73.37662337662337,24.073311661881185,1054.90542199178
qwen3,4b,2e-06,0.08,200,374.0,67.74744027303754,34.34343434343434,86.42911296436695,77.51443935471022,78.34602829162132,60.96171600821816,73.55815901807205,75.83333333333333,79.03225806451613,22.582515685506102,1132.1141214018776
qwen3,4b,2e-06,0.08,400,747.9,69.28327645051195,33.33333333333333,77.78620166793026,77.88289185421232,78.94450489662677,63.56180442489588,75.8799984042341,73.43333333333332,78.85906040268456,23.717009908343154,1079.7732010871557
qwen3,4b,2e-06,0.08,600,1121.9,69.88054607508532,36.86868686868687,70.88703563305533,78.10197171878112,78.89009793253537,65.07068020408674,74.43245034286804,65.16666666666666,74.01315789473685,21.523936939058498,1046.6955436929277
qwen3,4b,2e-06,0.08,800,1495.8,69.7098976109215,35.35353535353536,75.43593631539045,78.21151165106552,79.27094668117519,65.48082247739623,75.45534736720789,57.33333333333333,74.01315789473685,18.573630197624308,1047.8894940122211
qwen3,4b,2e-06,0.08,1000,1869.8,69.53924914675767,35.35353535353536,75.28430629264594,77.97251543517227,79.65179542981502,65.17276357725319,77.24260517648729,59.96666666666666,73.84105960264901,18.78519969336486,1041.228796335387
qwen3,4b,2e-06,0.08,1200,2243.7,69.6245733788396,35.858585858585855,75.2084912812737,77.92272455686118,79.16213275299239,64.61052138859988,74.43993049552964,61.36666666666667,70.3225806451613,22.495026667622493,1018.9247056047592
qwen3,4b,2e-06,0.08,1400,2617.7,69.7952218430034,35.35353535353536,73.69219105382867,77.92272455686118,79.4341675734494,65.81359928877666,73.88789522910322,57.86666666666666,67.64705882352942,21.019614175161824,1049.599282021146
qwen3,4b,2e-06,0.08,1600,2991.6,69.45392491467577,34.84848484848485,79.15087187263077,77.88289185421232,78.99891186071817,65.87525686452284,73.84168450821598,57.1,67.54966887417218,19.05020986390708,1021.263948822668
qwen3,4b,2e-06,0.08,1800,3365.6,69.19795221843003,35.858585858585855,80.13646702047005,78.00238996215893,78.99891186071817,65.67345898615899,75.00072031099704,60.93333333333334,70.19867549668875,20.00364143212333,1028.3505715343797
qwen3,4b,2e-06,0.08,2000,3739.5,69.19795221843003,34.84848484848485,75.5117513267627,77.86297550288786,78.94450489662677,65.79135177952934,74.81837081166859,,68.95424836601308,18.976403432546523,1062.4110708705243
qwen3,4b,2e-06,0.08,2031,3797.5,69.53924914675767,35.858585858585855,76.64897649734648,77.91276638119896,78.78128400435256,65.90377739497278,75.69266213646458,56.46666666666666,68.83116883116884,19.74376347036681,997.127713489713
qwen3,4b,4e-06,0.01,200,369.4,70.4778156996587,33.83838383838384,85.74677786201667,79.71519617606054,78.34602829162132,68.34777656579254,74.34252228531408,79.53333333333333,82.78145695364239,44.24347811517967,1192.2385840942577
qwen3,4b,4e-06,0.01,400,738.9,70.98976109215018,37.37373737373738,80.43972706595906,80.23302131049593,78.67247007616976,64.63595197805184,77.16769283279477,76.83333333333333,81.54362416107382,44.36436676543485,1128.9754192399453
qwen3,4b,4e-06,0.01,600,1108.3,71.41638225255973,35.35353535353536,81.80439727065959,81.09938259310894,78.45484221980414,67.10514425121829,71.74092518960802,70.26666666666665,79.47019867549669,42.40643710459139,1134.4568888922277
qwen3,4b,4e-06,0.01,800,1477.8,71.58703071672356,35.858585858585855,71.19029567854435,80.93009360685123,78.29162132752992,66.81274542730911,67.39201984068937,56.73333333333333,71.56862745098039,39.98168582548603,1084.6350563117217
qwen3,4b,4e-06,0.01,1000,1847.2,70.73378839590444,38.38383838383838,77.17968157695225,80.45210117506473,79.21653971708379,66.16878374617359,68.02650301200815,57.466666666666654,66.44295302013423,35.50623257364358,1059.230924131309
qwen3,4b,4e-06,0.01,1200,2216.7,70.39249146757679,40.4040404040404,65.80742987111448,80.62139016132245,79.5429815016322,67.08224635648826,66.89118206359127,58.39999999999999,67.76315789473685,40.73494464542418,1061.3920356000767
qwen3,4b,4e-06,0.01,1400,2586.1,69.96587030716724,38.38383838383838,73.54056103108415,80.64130651264688,79.379760609358,66.47238290541459,63.65011502812538,46.8,62.16216216216216,34.07553974962166,955.9254859548798
qwen3,4b,4e-06,0.01,1600,2955.5,69.88054607508532,37.87878787878788,72.40333586050039,80.88030272854013,79.10772578890098,67.06422774368173,69.66138734114374,58.39999999999999,74.50980392156863,37.64784819685468,1063.2731545708834
qwen3,4b,4e-06,0.01,1800,3325.0,69.7098976109215,37.87878787878788,75.73919636087946,80.83051185022903,79.16213275299239,67.21231476561675,65.83830902006676,56.766666666666666,73.02631578947368,36.91843476767684,1087.028448501099
qwen3,4b,4e-06,0.01,2000,3694.4,70.4778156996587,36.86868686868687,76.49734647460197,80.84047002589125,78.78128400435256,67.59116399375048,63.85368599759749,,64.14473684210526,33.68765312948497,1007.0099600499846
qwen3,4b,4e-06,0.01,2031,3751.7,70.05119453924915,38.88888888888889,76.72479150871872,80.84047002589125,78.61806311207835,67.76596192761674,63.76752572064345,52.03333333333333,60.526315789473685,32.73624748626652,993.3445493190804
qwen3,4b,4e-06,0.02,200,2913.7,69.88054607508532,35.35353535353536,81.12206216830933,78.9484166500697,78.61806311207835,64.8984103773289,71.93701600641853,75.5,81.61290322580645,37.82990439737047,1116.9609234222005
qwen3,4b,4e-06,0.02,400,5827.3,70.22184300341297,33.83838383838384,85.29188779378318,79.39653455486955,78.67247007616976,64.65350441334027,73.0036303674251,73.16666666666666,76.64473684210526,41.00120870588576,1105.8640424367409
qwen3,4b,4e-06,0.02,600,8741.0,70.90443686006826,34.34343434343434,81.88021228203183,80.0139414459271,78.61806311207835,65.98945807447289,72.95243287809679,66.56666666666666,73.07692307692307,38.93234815717528,1084.3947638362592
qwen3,4b,4e-06,0.02,800,11654.7,70.56313993174061,36.86868686868687,81.57695223654284,79.88448516231827,79.379760609358,65.19729622084365,67.58312388905881,50.9,65.77181208053692,33.51287363862441,948.143485427778
qwen3,4b,4e-06,0.02,1000,14568.3,69.6245733788396,38.38383838383838,84.07884761182714,79.18741286596295,79.5429815016322,65.55958016443718,69.32167759323042,50.86666666666667,62.0,29.81532181685117,993.3062578473862
qwen3,4b,4e-06,0.02,1200,17482.0,69.45392491467577,35.858585858585855,80.97043214556481,79.77494523003385,79.76060935799782,66.13167711572896,68.95697859457351,59.66666666666666,74.66666666666667,36.14049668748668,1054.48841882511
qwen3,4b,4e-06,0.02,1400,20395.7,69.96587030716724,34.34343434343434,80.0606520090978,79.45628360884285,79.70620239390642,66.44917368432122,66.14554936457489,43.9,66.0,30.46087901600123,955.0999123499914
qwen3,4b,4e-06,0.02,1600,23309.3,69.28327645051195,34.84848484848485,84.07884761182714,79.53594901414061,79.379760609358,66.7608847410513,66.06437585606191,51.89999999999999,73.8562091503268,33.50828817016872,1040.325040233232
qwen3,4b,4e-06,0.02,1800,26223.0,69.19795221843003,35.35353535353536,84.23047763457164,79.6952798247361,79.16213275299239,66.62609353351968,67.88288408090534,50.43333333333333,72.36842105263158,32.00461093352134,1033.9902249954157
qwen3,4b,4e-06,0.02,2000,29136.7,69.36860068259386,34.34343434343434,85.29188779378318,79.55586536546505,79.10772578890098,66.8136804159206,66.12183451021069,48.03333333333333,69.6078431372549,32.035702794468385,973.9353732978046
qwen3,4b,4e-06,0.02,2031,29588.3,69.45392491467577,34.34343434343434,84.6095526914329,79.61561441943836,79.27094668117519,66.92611369129598,68.48362345243953,49.86666666666666,66.55844155844156,30.67419052766352,982.6143325051949
qwen3,4b,4e-06,0.04,200,2914.0,69.7952218430034,33.83838383838384,69.2191053828658,78.56004779924318,78.72687704026116,63.83007511341198,71.74092518960802,70.4,78.75816993464052,30.63600526515836,1128.6139667780403
qwen3,4b,4e-06,0.04,400,5828.0,70.05119453924915,34.34343434343434,76.26990144048523,78.49034056960765,78.61806311207835,64.8263770841905,72.0269440639725,60.33333333333333,77.92207792207793,34.70378613250157,1125.913026357955
qwen3,4b,4e-06,0.04,600,8742.0,70.13651877133105,37.37373737373738,80.13646702047005,78.6297550288787,79.10772578890098,66.55383899812094,71.65975168109505,58.06666666666666,73.7012987012987,32.22494015417388,1096.7938358887952
qwen3,4b,4e-06,0.04,800,11656.0,70.4778156996587,35.858585858585855,74.60197119029569,78.68950408285203,79.05331882480957,66.46479775500087,63.41407465524808,34.8,50.66225165562914,26.83624252373711,829.7910058960467
qwen3,4b,4e-06,0.04,1000,14570.0,69.53924914675767,37.37373737373738,76.95223654283548,78.32105158334993,79.76060935799782,66.788522545282,70.96282308718645,45.86666666666666,54.19354838709678,20.73684274380625,925.65505981641
qwen3,4b,4e-06,0.04,1200,17484.0,69.6245733788396,35.858585858585855,81.34950720242608,78.57996415056762,79.76060935799782,66.52870010865666,67.46072642809966,55.4,65.38461538461539,29.76562762902337,1051.48091955913
qwen3,4b,4e-06,0.04,1400,20398.0,69.53924914675767,35.858585858585855,80.13646702047005,78.42063333997211,79.65179542981502,66.37878531769286,68.08645505037745,48.96666666666667,58.16993464052288,23.97480444129871,965.6369435289972
qwen3,4b,4e-06,0.04,1600,23312.0,69.7952218430034,37.87878787878788,82.63836239575436,78.48038239394542,79.379760609358,66.7239759948102,65.32123654126606,47.86666666666667,61.76470588235294,23.17343006885321,1036.0340969989911
qwen3,4b,4e-06,0.04,1800,26226.0,69.96587030716724,35.858585858585855,83.47232752084913,78.6297550288787,79.59738846572361,66.61301547997054,64.63306249639844,49.766666666666666,64.0,26.83766237048361,1004.3517100657776
qwen3,4b,4e-06,0.04,2000,29140.0,69.6245733788396,34.84848484848485,82.4109173616376,78.45050786695877,79.4341675734494,66.99348060304217,66.91367793011432,,61.61290322580645,24.8223457023431,992.6252386787852
qwen3,4b,4e-06,0.04,2031,29591.7,69.45392491467577,36.36363636363637,82.94162244124337,78.42063333997211,79.65179542981502,66.96342921187151,65.37869519541482,49.33333333333333,69.73684210526315,24.579555534212712,1013.2459977846642
qwen3,4b,4e-06,0.08,200,2924.8,68.85665529010238,33.83838383838384,82.48673237300986,77.84305915156344,78.56365614798693,63.636555911137926,66.91866469855539,67.53333333333333,76.82119205298014,23.3851690588239,1096.631431566901
qwen3,4b,4e-06,0.08,400,5849.5,69.11262798634812,35.858585858585855,74.45034116755117,78.42063333997211,78.61806311207835,64.46557779862515,67.91407908793113,61.3,75.0,28.15396363574736,1121.2598282387903
qwen3,4b,4e-06,0.08,600,8774.3,70.05119453924915,35.858585858585855,80.28809704321456,78.35092611033659,78.56365614798693,65.80305703800781,69.59894191855389,56.86666666666666,75.32894736842105,24.52881612980661,1094.4507798707416
qwen3,4b,4e-06,0.08,800,11699.1,69.6245733788396,38.88888888888889,80.2122820318423,78.2015534754033,78.67247007616976,64.69588172841421,72.11936550574698,50.96666666666666,68.21192052980133,23.907988729824392,1037.6603070877518
qwen3,4b,4e-06,0.08,1000,14623.9,69.28327645051195,36.86868686868687,80.97043214556481,78.06213901613225,78.94450489662677,65.02755063323956,74.43494372708858,48.93333333333333,63.57615894039736,15.458860185642582,1010.1695759400768
qwen3,4b,4e-06,0.08,1200,17548.6,69.11262798634812,33.33333333333333,79.45413191811978,78.45050786695877,79.379760609358,63.90390956189258,70.7442364038529,49.96666666666667,62.58278145695364,23.4222564293546,1021.439330999661
qwen3,4b,4e-06,0.08,1400,20473.4,69.28327645051195,32.323232323232325,76.95223654283548,78.0920135431189,79.10772578890098,64.86568393187963,71.66723183375665,46.16666666666667,58.82352941176471,20.15594515548188,999.907090674999
qwen3,4b,4e-06,0.08,1600,23398.2,69.28327645051195,32.323232323232325,78.31690674753601,78.07209719179447,78.83569096844396,65.01868315004354,69.68886997610785,48.23333333333333,65.46052631578947,21.851723025920048,1061.8446724360606
qwen3,4b,4e-06,0.08,1800,26323.0,69.02730375426621,33.83838383838384,77.17968157695225,78.06213901613225,78.78128400435256,64.7028735702936,68.84832245109642,52.6,66.10738255033557,19.85568321703498,1007.524249834038
qwen3,4b,4e-06,0.08,2000,29247.7,68.85665529010238,34.84848484848485,77.710386656558,78.18163712407888,78.83569096844396,65.12490775595114,67.22091827462245,51.3,66.44295302013423,19.64686674184661,1022.8017883345948
qwen3,4b,4e-06,0.08,2031,29701.1,68.68600682593856,33.83838383838384,76.95223654283548,78.17167894841664,78.99891186071817,65.1405333752929,73.13101459682531,51.43333333333333,65.9090909090909,20.18531910404621,1070.05884177529
qwen3,4b,8e-06,0.01,200,2914.7,70.81911262798634,28.78787878787879,88.24867323730099,80.37243576976698,78.23721436343853,67.7095471719357,67.91784686853106,74.73333333333333,80.74324324324324,43.70176943057153,1120.0912698449145
qwen3,4b,8e-06,0.01,400,5829.3,70.39249146757679,36.36363636363637,79.37831690674754,80.2728540131448,78.78128400435256,63.27529786290685,70.15474496558022,58.33333333333333,72.66666666666667,41.78115733021923,1072.2059439327832
qwen3,4b,8e-06,0.01,600,8744.0,71.50170648464163,35.35353535353536,71.4177407126611,82.00557657837084,78.72687704026116,67.53214027122544,65.99943704925154,43.96666666666667,60.45751633986928,34.165248365739444,1032.4500708450166
qwen3,4b,8e-06,0.01,800,11658.6,69.88054607508532,34.34343434343434,64.29112964366944,82.16490738896634,78.56365614798693,66.76652860509978,50.64711631803615,30.53333333333333,50.6578947368421,35.05900170135314,873.5240806579143
qwen3,4b,8e-06,0.01,1000,14573.3,70.98976109215018,35.858585858585855,57.39196360879454,81.0296753634734,78.72687704026116,66.30060794700172,54.3353302570513,42.766666666666666,59.539473684210535,30.073534907221138,885.6675139627062
qwen3,4b,8e-06,0.01,1200,17488.0,69.53924914675767,35.35353535353536,68.38514025777104,80.98984266082454,78.45484221980414,67.10545680451494,53.8419726326148,47.9,63.51351351351351,37.57494441794138,932.8937057393556
qwen3,4b,8e-06,0.01,1400,20402.6,68.85665529010238,33.83838383838384,72.55496588324488,81.22883887671779,79.10772578890098,68.80761378641542,52.8165822240544,36.5,51.63398692810458,25.19622872298229,873.1973726232924
qwen3,4b,8e-06,0.01,1600,23317.3,69.28327645051195,34.84848484848485,71.87263078089462,81.3483369846644,78.99891186071817,69.74463672585047,57.34035691963989,43.7,60.85526315789473,30.920520729050143,915.9312969867576
qwen3,4b,8e-06,0.01,1800,26231.9,69.02730375426621,36.36363636363637,70.35633055344958,81.19896434973113,79.27094668117519,70.09984283931709,55.78287831841735,42.43333333333333,60.333333333333336,28.85936873134848,903.7860236973876
qwen3,4b,8e-06,0.01,2000,29146.6,69.02730375426621,37.87878787878788,69.82562547384383,81.49770961959769,78.83569096844396,70.33298488259544,50.01013976249684,32.266666666666666,43.4640522875817,23.64935578293374,844.8031283618036
qwen3,4b,8e-06,0.01,2031,29598.4,69.11262798634812,37.87878787878788,69.2191053828658,81.42800238996216,78.83569096844396,70.55132814469938,40.27314193007886,35.0,47.7124183006536,24.42217961626216,848.340043376584
qwen3,4b,8e-06,0.02,200,2902.3,70.22184300341297,29.7979797979798,74.29871114480667,79.97410874327822,78.94450489662677,65.49600019200979,69.2017735164918,68.1,76.51006711409396,42.19614225843118,1168.2336583354206
qwen3,4b,8e-06,0.02,400,5804.7,68.51535836177474,35.35353535353536,82.63836239575436,79.54590718980283,79.379760609358,62.01043659472427,61.03854439553717,51.133333333333326,66.66666666666666,36.94867962247239,983.2720124104846
qwen3,4b,8e-06,0.02,600,8707.0,69.36860068259386,34.34343434343434,74.45034116755117,80.282812188807,79.4885745375408,64.49106511272453,60.401567839997874,47.23333333333333,56.25,33.4559655514281,922.7738168529183
qwen3,4b,8e-06,0.02,800,11609.3,69.11262798634812,37.87878787878788,48.59742228961335,80.0637323242382,79.10772578890098,60.82444143623646,55.83158242352514,40.06666666666666,57.615894039735096,30.758572625698605,916.3384944587436
qwen3,4b,8e-06,0.02,1000,14511.6,68.08873720136519,31.818181818181817,66.71721000758151,78.81896036646087,79.10772578890098,62.617519477509006,48.91981054712607,34.4,48.68421052631579,22.51250605580459,826.6028777093532
qwen3,4b,8e-06,0.02,1200,17414.0,68.34470989761093,30.80808080808081,71.79681576952237,,79.81501632208922,63.89547703255991,57.22294622712182,,69.86754966887418,34.297216041846504,1017.5279711941032
qwen3,4b,8e-06,0.02,1400,20316.3,68.1740614334471,32.82828282828283,65.50416982562547,79.01812387970524,79.5429815016322,67.19931755609171,51.21167391410346,,49.01315789473684,21.931991975873824,874.7338693718781
qwen3,4b,8e-06,0.02,1600,23218.6,68.77133105802048,31.818181818181817,71.34192570128886,79.30691097390958,79.379760609358,67.49722599741898,56.0701715891612,39.16666666666666,56.5359477124183,26.663731218608927,964.3178292318134
qwen3,4b,8e-06,0.02,1800,26121.0,68.68600682593856,33.33333333333333,74.37452615617892,,79.16213275299239,67.67358045819869,51.58385306542197,37.03333333333333,56.57894736842105,25.20793816325332,932.09273066178
qwen3,4b,8e-06,0.02,2000,29023.3,68.85665529010238,30.80808080808081,76.49734647460197,79.40649273053177,78.99891186071817,67.69812205672388,52.2395577068844,,56.71140939597316,28.641761474418136,900.7741292069974
qwen3,4b,8e-06,0.02,2031,29473.1,69.36860068259386,32.323232323232325,76.19408642911296,79.35670185222067,78.99891186071817,67.81311720570919,53.44979099899378,36.36666666666666,53.333333333333336,23.32272198778335,856.108309738274
qwen3,4b,8e-06,0.04,200,3241.6,68.08873720136519,33.83838383838384,83.16906747536012,78.58992232622984,78.67247007616976,63.74414809080719,61.5905796619636,,71.05263157894737,33.6447623878498,1077.5268340813698
qwen3,4b,8e-06,0.04,400,6483.2,67.4914675767918,32.323232323232325,62.69901440485216,78.54013144791874,78.94450489662677,62.442657019858686,61.2695979999734,44.83333333333333,64.56953642384106,35.90913198826387,1017.0385656813072
qwen3,4b,8e-06,0.04,600,9724.8,68.85665529010238,34.84848484848485,69.97725549658831,78.95837482573192,79.4341675734494,61.95396917956064,59.27749482484253,45.66666666666666,61.8421052631579,32.58497128851218,1014.1683074613508
qwen3,4b,8e-06,0.04,800,12966.4,70.05119453924915,35.858585858585855,66.41394996209249,78.70942043417645,79.21653971708379,61.535582343167626,58.82414216501106,,58.16993464052288,27.48540111370384,983.7000858165344
qwen3,4b,8e-06,0.04,1000,16208.0,68.60068259385666,36.36363636363637,62.1683093252464,77.54431388169687,79.4341675734494,63.02335141249012,56.44107634410032,32.2,51.65562913907284,18.65272031712192,852.8359806969914
qwen3,4b,8e-06,0.04,1200,19449.6,68.51535836177474,35.858585858585855,69.90144048521607,78.72933678550089,79.4885745375408,63.6328492708687,59.70214586186873,,58.053691275167786,29.072619195418227,984.2735387788556
qwen3,4b,8e-06,0.04,1400,22691.2,68.08873720136519,36.86868686868687,60.955269143290366,78.13184624576778,78.89009793253537,66.52586900390087,57.82745337925592,36.266666666666666,63.08724832214765,23.684183954812525,924.9884373647852
qwen3,4b,8e-06,0.04,1600,25932.8,68.25938566552901,33.83838383838384,66.33813495072025,78.24138617805218,79.10772578890098,66.43124008901356,54.816165551846886,32.73333333333333,60.9271523178808,22.830019864532733,917.656802777346
qwen3,4b,8e-06,0.04,1800,29174.4,67.91808873720136,34.84848484848485,75.5117513267627,78.17167894841664,79.10772578890098,65.97693651545676,53.02264657774705,36.0,59.0,22.22976795688401,931.6178639251924
qwen3,4b,8e-06,0.04,2000,32416.0,67.74744027303754,35.35353535353536,74.98104624715694,78.32105158334993,79.27094668117519,66.3338589766774,55.13714721383707,,59.539473684210535,20.458463114476377,976.0665256899534
qwen3,4b,8e-06,0.04,2031,32918.4,67.74744027303754,34.84848484848485,74.82941622441244,78.2513443537144,79.27094668117519,66.47697999372471,60.018140755417846,35.2,61.43790849673203,19.2474230638577,954.6145478189068
qwen3,4b,8e-06,0.08,200,3221.9,68.68600682593856,31.818181818181817,23.35102350265353,78.48038239394542,78.29162132752992,62.828693493156095,62.098897591723286,61.73333333333333,76.79738562091504,26.29246831212336,1107.1268338981304
qwen3,4b,8e-06,0.08,400,6443.7,69.11262798634812,35.35353535353536,74.45034116755117,78.22146982672774,78.34602829162132,63.80680678425568,67.13974476610947,59.73333333333333,73.35766423357664,27.5109503479195,1069.6217966140764
qwen3,4b,8e-06,0.08,600,9665.6,69.11262798634812,37.37373737373738,75.2084912812737,78.4106751643099,78.67247007616976,65.35355846922731,67.11974228380697,,68.70967741935485,28.15470865770069,1056.7549585915008
qwen3,4b,8e-06,0.08,800,12887.5,69.11262798634812,38.38383838383838,71.94844579226687,77.95259908384784,78.67247007616976,61.223807587466496,66.63264582419092,50.43333333333333,65.78947368421053,25.86522151942352,975.504381065112
qwen3,4b,8e-06,0.08,1000,16109.4,68.51535836177474,37.37373737373738,70.20470053070508,77.31527584146585,78.29162132752992,63.77303157374463,69.2941949582663,,67.53246753246754,15.506269032766962,1018.5688178196772
qwen3,4b,8e-06,0.08,1200,19331.2,68.85665529010238,35.35353535353536,74.07126611068992,77.85301732722564,78.78128400435256,61.603995476657616,63.732562933017725,39.39999999999999,63.39869281045751,24.21146417551546,1030.582769587107
qwen3,4b,8e-06,0.08,1400,22553.1,68.43003412969283,33.33333333333333,71.2661106899166,77.41485759808803,78.61806311207835,64.16911885051971,62.52105524452897,37.16666666666666,58.88157894736842,16.006979327544645,929.9092579252653
qwen3,4b,8e-06,0.08,1600,25775.0,68.77133105802048,32.82828282828283,72.55496588324488,77.57418840868353,78.67247007616976,63.76187761886087,62.86702615726273,36.3,60.526315789473685,19.394862412068235,913.8873548283212
qwen3,4b,8e-06,0.08,1800,28996.9,68.60068259385666,33.33333333333333,73.69219105382867,77.52439753037244,78.99891186071817,62.80537280519566,64.20841145937224,,60.40268456375839,17.58927251337771,966.6049515253492
qwen3,4b,8e-06,0.08,2000,32218.7,68.25938566552901,32.323232323232325,73.3131159969674,77.42481577375024,78.83569096844396,63.50323980611788,62.567265965416205,39.16666666666666,60.264900662251655,17.81540491358179,931.8847454382988
qwen3,4b,8e-06,0.08,2031,32718.1,68.34470989761093,32.323232323232325,73.1614859742229,77.36506671977693,79.16213275299239,63.520911192609375,67.05480347699658,37.06666666666666,57.46753246753247,16.112057950726463,966.6446948062952
qwen3,8b,4e-07,0.01,200,4267.8,68.00341296928327,37.37373737373738,80.2122820318423,78.8388767177853,78.29162132752992,55.54024212277542,77.96202963691893,57.03333333333333,65.13157894736842,15.30149243661536,1076.044619501385
qwen3,8b,4e-07,0.01,400,8535.6,70.4778156996587,36.86868686868687,82.94162244124337,79.65544712208722,78.56365614798693,59.48589667313823,78.08442709787808,74.19999999999999,78.84615384615384,38.05846875389191,1217.8185108074397
qwen3,8b,4e-07,0.01,600,12803.4,,37.87878787878788,85.82259287338894,79.83469428400717,77.85636561479869,62.56151753032445,77.9232990686933,75.76666666666667,85.03184713375796,46.2681279168607,1222.573612568451
qwen3,8b,4e-07,0.01,800,17071.2,,38.38383838383838,85.36770280515542,80.10356502688707,77.74755168661589,63.40810674565836,79.5894338133929,75.26666666666667,85.25641025641025,47.39855117684728,1245.7743674183057
qwen3,8b,4e-07,0.01,1000,21339.0,,39.39393939393939,85.44351781652767,80.07369049990042,77.52992383025027,63.74518567022231,78.19058985713463,74.96666666666667,87.33766233766234,46.84869035521304,1256.8220837410604
qwen3,8b,4e-07,0.01,1200,25606.8,71.160409556314,39.39393939393939,86.12585291887794,80.18323043218483,77.14907508161045,63.96825125522368,77.84212556018032,74.13333333333333,85.48387096774194,46.68064753322474,1250.2883782180377
qwen3,8b,4e-07,0.01,1400,29874.6,,38.88888888888889,86.73237300985596,80.26289583748257,77.52992383025027,64.0513005116982,78.75387305682257,73.8,85.94771241830065,46.70275902989231,1254.3809917553328
qwen3,8b,4e-07,0.01,1600,34142.4,,38.88888888888889,86.42911296436695,80.26289583748257,77.25788900979326,64.13543935025443,77.05028214027666,73.86666666666666,87.57961783439491,46.90328999617917,1249.4156942965365
qwen3,8b,4e-07,0.01,1800,38410.2,,39.39393939393939,86.73237300985596,80.2230631348337,77.25788900979326,64.23506895665663,,74.6,84.4155844155844,47.13061756359031,1258.0427841219248
qwen3,8b,4e-07,0.01,2000,42678.0,,39.39393939393939,86.5049279757392,80.23302131049593,77.36670293797606,64.26545538976818,,72.6,84.93589743589743,47.078673334130784,1254.6062130208795
qwen3,8b,4e-07,0.01,2031,43339.5,71.58703071672356,39.8989898989899,86.88400303260046,80.24297948615813,77.04026115342764,64.29238718230842,86.25014960305325,75.53333333333333,87.5,46.04695258676215,1256.1719585154656
qwen3,8b,4e-07,0.02,200,4306.2,67.83276450511946,35.858585858585855,80.59135708870356,78.79904401513643,78.34602829162132,55.44928994555348,79.07734810303329,58.13333333333333,56.333333333333336,16.929540314073538,1075.1291678707962
qwen3,8b,4e-07,0.02,400,8612.3,70.22184300341297,36.86868686868687,82.18347232752085,79.52599083847839,78.61806311207835,58.90161745308076,77.99449904032411,67.6,79.60526315789474,34.60833787319869,1176.297435405311
qwen3,8b,4e-07,0.02,600,12918.5,70.73378839590444,39.39393939393939,85.29188779378318,79.72515435172276,77.85636561479869,61.37441896774869,79.67060732190589,72.86666666666667,85.71428571428571,40.060500132824686,1213.733441155408
qwen3,8b,4e-07,0.02,800,17224.6,71.07508532423208,38.88888888888889,84.6095526914329,79.59569806811392,78.0195865070729,62.47579650813386,79.10732412221793,74.69999999999999,84.2948717948718,42.04643516744476,1241.3377175504293
qwen3,8b,4e-07,0.02,1000,21530.8,,39.39393939393939,86.3532979529947,79.56582354112727,78.0195865070729,62.92871545545751,79.95911958049088,72.13333333333333,85.48387096774194,44.30955140156858,1251.7718813813494
qwen3,8b,4e-07,0.02,1200,25836.9,,38.88888888888889,85.82259287338894,79.67536347341168,77.9107725788901,63.12923779034956,79.83921550375227,73.3,80.84415584415584,41.96808603028939,1219.0417193227595
qwen3,8b,4e-07,0.02,1400,30143.1,71.24573378839591,39.39393939393939,85.97422289613344,79.65544712208722,77.9651795429815,63.28976225769496,81.131896700754,72.63333333333333,80.89171974522293,43.91605596609466,1216.032111052944
qwen3,8b,4e-07,0.02,1600,34449.3,,38.88888888888889,85.74677786201667,79.66540529774944,77.74755168661589,63.43520426382757,79.46077518761332,70.46666666666667,83.22784810126582,43.70809763097697,1224.9930187203956
qwen3,8b,4e-07,0.02,1800,38755.4,,39.8989898989899,85.59514783927217,79.7450707030472,77.58433079434167,63.51837395536337,79.03113738214604,71.19999999999999,83.86075949367088,43.38648081875166,1237.0957001811698
qwen3,8b,4e-07,0.02,2000,43061.6,71.24573378839591,38.88888888888889,86.42911296436695,79.72515435172276,77.85636561479869,63.52245578384325,79.85545020545486,72.0,85.85526315789474,43.073933730545015,1238.1662473796312
qwen3,8b,4e-07,0.02,2031,43729.0,71.41638225255973,38.38383838383838,85.44351781652767,79.70523800039832,77.63873775843308,63.46521326058326,86.5036990740125,72.06666666666666,85.80645161290322,42.37964545572624,1211.6419882553655
qwen3,8b,4e-07,0.04,200,4267.6,68.1740614334471,35.858585858585855,79.7573919636088,78.8886675960964,78.23721436343853,55.45601887495935,79.04238531540756,58.03333333333333,64.01273885350318,16.625210474926448,1096.2147194729823
qwen3,8b,4e-07,0.04,400,8535.1,69.53924914675767,36.36363636363637,83.69977255496588,79.2670782712607,78.29162132752992,58.0861639795472,78.49783020164274,64.23333333333332,81.04575163398692,27.023949292006733,1152.1565336071842
qwen3,8b,4e-07,0.04,600,12802.7,70.39249146757679,38.38383838383838,83.77558756633815,79.3766182035451,78.0195865070729,59.623146154103466,79.79051139864448,70.96666666666665,78.43137254901961,30.49882409910957,1180.2717148218894
qwen3,8b,4e-07,0.04,800,17070.3,70.64846416382252,38.88888888888889,85.06444275966642,79.62557259510058,77.9651795429815,60.60473198582756,79.67060732190589,67.8,77.74193548387098,33.334202850030955,1193.288220991203
qwen3,8b,4e-07,0.04,1000,21337.8,70.81911262798634,38.88888888888889,85.51933282789992,79.66540529774944,78.0739934711643,61.00712773731849,81.03947525897951,69.26666666666667,81.9078947368421,33.88899946274208,1188.7716052717856
qwen3,8b,4e-07,0.04,1200,25605.4,70.98976109215018,38.38383838383838,86.05003790750568,79.5857398924517,77.6931447225245,61.28095429863647,80.41374663670172,69.13333333333333,79.41176470588235,33.03068667244508,1181.140574514939
qwen3,8b,4e-07,0.04,1400,29873.0,71.160409556314,38.38383838383838,85.59514783927217,79.59569806811392,77.80195865070729,61.47816296389093,79.73055936027518,69.33333333333333,75.64935064935064,33.66975394684917,1207.133118009801
qwen3,8b,4e-07,0.04,1600,34140.5,71.50170648464163,38.88888888888889,86.65655799848369,79.53594901414061,77.6931447225245,61.66473590292275,80.32381857914778,69.19999999999999,78.8961038961039,33.737556588550284,1183.2146014444886
qwen3,8b,4e-07,0.04,1800,38408.1,71.24573378839591,38.38383838383838,86.3532979529947,79.51603266281617,77.58433079434167,61.72049792143179,80.05154102226537,67.13333333333333,77.15231788079471,32.731899008905664,1203.1974564929567
qwen3,8b,4e-07,0.04,2000,42675.7,70.90443686006826,38.38383838383838,86.05003790750568,79.61561441943836,77.9107725788901,61.7471861681713,80.66103494284054,68.0,75.0,33.66030134421702,1199.3870705619925
qwen3,8b,4e-07,0.04,2031,43337.2,71.160409556314,38.38383838383838,85.82259287338894,79.57578171678948,77.9107725788901,61.790645244825136,87.52410271413184,67.86666666666666,75.6578947368421,32.17878640902559,1203.2102568571693
qwen3,8b,8e-07,0.01,200,4263.2,69.36860068259386,37.37373737373738,82.33510235026536,79.40649273053177,78.45484221980414,57.29859561207648,78.0432031454319,68.03333333333333,80.0,28.436559223483908,1169.3019288455914
qwen3,8b,8e-07,0.01,400,8526.5,70.98976109215018,38.88888888888889,86.05003790750568,80.07369049990042,78.29162132752992,63.10629933642793,77.59733063826204,75.93333333333334,87.01298701298701,47.9893816995648,1240.44371777293
qwen3,8b,8e-07,0.01,600,12789.7,71.84300341296928,39.8989898989899,87.86959818043972,80.39235212109142,77.52992383025027,64.07251717483547,78.66643838348915,76.69999999999999,85.6687898089172,48.917277006373325,1262.5881682180848
qwen3,8b,8e-07,0.01,800,17052.9,72.01365187713311,39.8989898989899,87.56633813495071,80.3326030671181,77.20348204570186,64.66564732301039,77.98075772284207,75.53333333333333,85.35031847133759,48.74957225543565,1235.1412145062163
qwen3,8b,8e-07,0.01,1000,21316.2,71.75767918088737,41.41414141414141,87.94541319181198,80.5417247560247,76.98585418933624,64.79330334607114,77.46119185982083,71.46666666666667,85.06493506493507,46.831328310811685,1227.9891849376831
qwen3,8b,8e-07,0.01,1200,25579.4,72.26962457337885,41.41414141414141,87.64215314632298,80.57159928301135,77.14907508161045,64.95029112195859,77.30881837967702,70.5,84.0909090909091,47.39704053809098,1208.3897761819337
qwen3,8b,8e-07,0.01,1400,29842.7,72.09897610921502,39.8989898989899,87.64215314632298,80.48197570205139,77.09466811751903,65.19236261792692,78.13313120298587,70.56666666666666,83.54838709677419,43.82049405589902,1236.880594107604
qwen3,8b,8e-07,0.01,1600,34105.9,72.01365187713311,40.4040404040404,87.49052312357847,80.4919338777136,76.93144722524482,65.16884941353321,78.04070976121137,70.5,83.7579617834395,44.46023554663645,1223.5362599103069
qwen3,8b,8e-07,0.01,1800,38369.1,72.18430034129693,39.8989898989899,88.40030326004549,80.45210117506473,76.87704026115343,65.23161835384593,77.74970411840583,70.86666666666666,81.73076923076923,45.21628644060781,1233.9079752707455
qwen3,8b,8e-07,0.01,2000,42632.4,71.75767918088737,40.4040404040404,88.02122820318424,80.58155745867357,76.76822633297063,65.28738717225313,77.49366126322602,71.43333333333334,84.2948717948718,48.27873890915478,1242.4197609190014
qwen3,8b,8e-07,0.01,2031,43293.2,72.09897610921502,39.8989898989899,88.32448824867323,80.74088826926908,76.98585418933624,65.25439279199617,86.07904803698632,71.96666666666667,82.89473684210526,45.84980054659766,1233.939115085197
qwen3,8b,8e-07,0.02,200,4258.3,69.28327645051195,35.858585858585855,81.9560272934041,79.25712009559848,78.45484221980414,57.09585156556889,77.96452302113947,65.43333333333332,77.12418300653596,24.291138767540467,1148.7922695950497
qwen3,8b,8e-07,0.02,400,8516.5,70.81911262798634,37.87878787878788,85.89840788476118,79.56582354112727,77.85636561479869,62.37538354732578,79.39832976502346,70.86666666666666,87.74193548387098,42.64815240438718,1230.9453098319625
qwen3,8b,8e-07,0.02,600,12774.8,71.07508532423208,39.39393939393939,86.58074298711145,79.84465245966939,77.6931447225245,63.40543593740195,78.48159549994016,71.33333333333334,85.71428571428571,41.70739038230701,1211.929335000858
qwen3,8b,8e-07,0.02,800,17033.0,71.58703071672356,40.4040404040404,87.03563305534496,79.94423421629158,77.80195865070729,64.02381494146022,78.28550468312966,72.33333333333333,83.7579617834395,41.59039672642924,1230.0206396282138
qwen3,8b,8e-07,0.02,1000,21291.3,71.9283276450512,39.8989898989899,87.03563305534496,79.99402509460268,77.42110990206747,64.08076932337681,78.4840888841607,72.29999999999998,81.0126582278481,42.253185917273576,1210.40246241176
qwen3,8b,8e-07,0.02,1200,25549.5,71.9283276450512,40.4040404040404,86.65655799848369,79.9044015136427,77.63873775843308,64.17787706289354,79.73305274449572,71.8,82.05128205128204,41.42801236557416,1208.6298794125971
qwen3,8b,8e-07,0.02,1400,29807.8,72.09897610921502,40.4040404040404,87.33889310083397,80.00398327026488,77.25788900979326,64.32624313520962,80.05154102226537,68.56666666666666,83.7579617834395,38.24287935405211,1218.3685746282017
qwen3,8b,8e-07,0.02,1600,34066.0,71.75767918088737,41.91919191919192,86.12585291887794,79.92431786496714,77.58433079434167,64.50702481992727,78.98742004547934,72.96666666666667,84.19354838709677,38.80847336549474,1173.043485435075
qwen3,8b,8e-07,0.02,1800,38324.3,71.67235494880546,39.8989898989899,86.2016679302502,79.91435968930492,77.58433079434167,64.49690076576337,78.34545672149896,71.03333333333333,82.16560509554141,40.84181637023077,1217.239864179519
qwen3,8b,8e-07,0.02,2000,42582.6,71.75767918088737,39.39393939393939,85.29188779378318,79.94423421629158,77.31229597388466,64.5574701946865,78.91123330540744,68.86666666666666,80.96774193548387,39.98074860737189,1211.6137324960848
qwen3,8b,8e-07,0.02,2031,43242.6,71.84300341296928,39.8989898989899,86.73237300985596,79.88448516231827,77.58433079434167,64.562243411997,86.4599817373458,70.96666666666667,83.97435897435898,39.85335440621186,1199.6625281672575
qwen3,8b,8e-07,0.04,200,4250.1,68.77133105802048,36.36363636363637,82.71417740712661,79.09778928500299,78.45484221980414,56.83993194056723,78.16310722217051,61.4,69.66666666666667,22.48503309979701,1148.9501997049297
qwen3,8b,8e-07,0.04,400,8500.2,70.73378839590444,38.88888888888889,85.59514783927217,79.40649273053177,78.0195865070729,60.47773555851883,79.83921550375227,69.86666666666667,77.63157894736842,32.36738658155417,1193.1462625438369
qwen3,8b,8e-07,0.04,600,12750.4,71.50170648464163,38.38383838383838,85.44351781652767,79.62557259510058,77.9107725788901,62.09201232851648,79.91540224382416,69.16666666666666,80.3225806451613,33.69452687843514,1162.8066412871651
qwen3,8b,8e-07,0.04,800,17000.5,71.41638225255973,38.88888888888889,85.89840788476118,79.73511252738498,77.80195865070729,62.649431198562425,79.98909559967554,67.06666666666666,79.80132450331125,33.84404588475166,1194.3563370479317
qwen3,8b,8e-07,0.04,1000,21250.6,71.84300341296928,37.87878787878788,85.74677786201667,79.7450707030472,77.85636561479869,62.81592395703641,79.66811393768535,66.93333333333332,81.4935064935065,34.06695138223793,1199.749902310686
qwen3,8b,8e-07,0.04,1200,25500.7,71.75767918088737,38.88888888888889,87.03563305534496,79.82473610834495,77.9107725788901,63.029990873291766,79.53197515924414,69.5,84.31372549019608,33.13795768780851,1179.9372837855012
qwen3,8b,8e-07,0.04,1400,29750.9,71.41638225255973,38.88888888888889,86.12585291887794,79.89444333798048,77.9651795429815,63.04032485541875,79.7742766969419,69.8,80.81761006289308,29.739466709077856,1187.2321040780355
qwen3,8b,8e-07,0.04,1600,34001.0,71.58703071672356,38.88888888888889,86.27748294162244,79.65544712208722,77.9107725788901,63.19299407343591,79.94537826300882,67.66666666666666,83.44155844155844,29.28377671447604,1163.378066740785
qwen3,8b,8e-07,0.04,1800,38251.1,71.75767918088737,39.39393939393939,87.03563305534496,79.87452698665605,77.9651795429815,63.18524451113225,80.266359924999,68.19999999999999,80.3921568627451,30.42195016820078,1190.1241829866042
qwen3,8b,8e-07,0.04,2000,42501.2,71.58703071672356,38.88888888888889,86.9598180439727,79.75502887870942,77.9107725788901,63.22118406196928,79.97535428219348,67.5,78.24675324675324,31.83890907739435,1161.0798068129427
qwen3,8b,8e-07,0.04,2031,43160.0,71.41638225255973,39.39393939393939,86.58074298711145,79.80481975702051,77.9651795429815,63.31422530446934,89.03160281386721,67.26666666666665,82.46753246753246,32.176746094622,1186.6822081803723
qwen3,8b,1e-06,0.01,200,4251.8,69.96587030716724,36.36363636363637,82.33510235026536,79.59569806811392,78.56365614798693,58.48621472623648,78.34296333727842,69.83333333333331,75.66666666666667,34.619555128479554,1184.4757403221422
qwen3,8b,1e-06,0.01,400,8503.7,71.50170648464163,38.38383838383838,87.03563305534496,80.30272854013145,77.52992383025027,63.91824279532323,78.31548070231432,75.23333333333333,86.9281045751634,50.0,1262.896860681334
qwen3,8b,1e-06,0.01,600,12755.5,72.09897610921502,41.41414141414141,87.94541319181198,80.56164110734913,77.14907508161045,64.6966479562118,78.02447505950877,73.63333333333333,84.49367088607595,46.67715239693261,1246.587331834928
qwen3,8b,1e-06,0.01,800,17007.3,72.26962457337885,39.8989898989899,88.40030326004549,80.57159928301135,77.31229597388466,65.11360987302946,78.9249746228895,73.1,81.4935064935065,45.52046000319221,1229.9160298875393
qwen3,8b,1e-06,0.01,1000,21259.1,72.09897610921502,40.4040404040404,88.77937831690674,80.55168293168691,77.14907508161045,65.17880958062644,77.2900902937539,69.73333333333333,81.32911392405063,45.15595063638568,1221.4970094526657
qwen3,8b,1e-06,0.01,1200,25511.0,72.61092150170649,39.8989898989899,88.32448824867323,80.7608046205935,77.09466811751903,65.32958318965957,77.48867449478495,69.06666666666666,81.29032258064515,44.70291948068797,1239.7577813962916
qwen3,8b,1e-06,0.01,1400,29762.8,72.44027303754265,40.4040404040404,88.62774829416225,80.73093009360686,77.14907508161045,65.70994306946861,78.03821637699083,70.5,81.37254901960785,45.34247355404103,1218.8317063826214
qwen3,8b,1e-06,0.01,1600,34014.6,72.35494880546075,40.4040404040404,88.77937831690674,80.7608046205935,76.4961915125136,65.6580979106001,77.51865051396962,69.1,80.64516129032258,46.10561418631119,1239.4068381054933
qwen3,8b,1e-06,0.01,1800,38266.5,72.18430034129693,39.8989898989899,89.38589840788475,80.94005178251345,76.93144722524482,65.84903612038822,79.24096951643861,71.3,83.7579617834395,45.01569524645049,1205.461689346824
qwen3,8b,1e-06,0.01,2000,42518.3,72.26962457337885,39.39393939393939,88.855193328279,80.80063732324238,76.6594124047878,65.7922191679823,77.64104797492874,69.6,79.6774193548387,45.07931511490819,1220.3443995268087
qwen3,8b,1e-06,0.01,2031,43177.3,72.44027303754265,40.4040404040404,88.70356330553449,80.80063732324238,76.87704026115343,65.90288480570794,85.92667455684251,70.13333333333333,82.16560509554141,46.21616499455696,1226.4259239203795
qwen3,8b,1e-06,0.02,200,4254.0,70.05119453924915,38.38383838383838,83.09325246398787,79.46624178450507,78.67247007616976,58.28574614110066,78.84878788281759,67.5,76.79738562091504,29.549735106522927,1177.3206964408353
qwen3,8b,1e-06,0.02,400,8507.9,71.07508532423208,38.38383838383838,85.74677786201667,79.82473610834495,77.85636561479869,63.04911771069918,79.82048741782914,69.56666666666666,83.22580645161291,43.496240211517815,1254.9757869448044
qwen3,8b,1e-06,0.02,600,12761.9,71.07508532423208,39.39393939393939,86.65655799848369,79.88448516231827,77.58433079434167,63.86283873608857,78.08692048209862,72.23333333333333,84.49367088607595,43.07921332281903,1228.295307259121
qwen3,8b,1e-06,0.02,800,17015.8,72.09897610921502,40.4040404040404,86.8081880212282,79.98406691894046,77.47551686615887,64.41849178111394,79.6219032167981,72.83333333333333,80.76923076923077,40.79182928787726,1223.409996885819
qwen3,8b,1e-06,0.02,1000,21269.8,71.84300341296928,39.8989898989899,86.65655799848369,79.92431786496714,77.80195865070729,64.51697082843269,78.45161948075551,68.36666666666667,85.03184713375796,39.92175228291626,1217.5370179275046
qwen3,8b,1e-06,0.02,1200,25523.8,72.01365187713311,38.88888888888889,87.26307808946171,79.7948615813583,77.58433079434167,64.39135396349879,77.00157803516892,70.36666666666666,81.61290322580645,39.98033185020694,1216.610705068083
qwen3,8b,1e-06,0.02,1400,29777.7,71.75767918088737,40.4040404040404,86.3532979529947,79.87452698665605,77.52992383025027,64.60146790679836,77.05277552449724,69.03333333333333,83.22784810126582,39.95813619863998,1175.270930769364
qwen3,8b,1e-06,0.02,1600,34031.7,71.9283276450512,41.41414141414141,86.2016679302502,79.9541923919538,77.36670293797606,64.6910602310088,77.34128778308222,66.46666666666667,84.0909090909091,38.70482253241913,1204.9582777297626
qwen3,8b,1e-06,0.02,1800,38285.7,71.84300341296928,39.8989898989899,86.05003790750568,79.87452698665605,77.09466811751903,64.82792492579854,76.04860658608048,67.56666666666666,83.43949044585987,40.40451937963033,1191.3988076169796
qwen3,8b,1e-06,0.02,2000,42539.6,72.09897610921502,39.39393939393939,87.18726307808946,79.92431786496714,77.58433079434167,64.83256570528636,76.55193774739912,67.46666666666667,83.22784810126582,39.0119531678215,1197.7149356026428
qwen3,8b,1e-06,0.02,2031,43199.0,71.67235494880546,39.8989898989899,86.2016679302502,79.93427604062936,77.42110990206747,64.78031950614685,86.69978989082303,66.5,80.64516129032258,38.41873132107816,1209.1822977284664
qwen3,8b,1e-06,0.04,200,4265.8,69.45392491467577,37.87878787878788,82.78999241849885,79.2670782712607,78.40043525571274,57.58849980900976,77.59982402248258,65.29999999999998,78.38709677419354,26.55151855300821,1161.01515964701
qwen3,8b,1e-06,0.04,400,8531.6,70.90443686006826,38.88888888888889,85.89840788476118,79.51603266281617,77.6931447225245,61.45231312966696,79.6731007061264,69.53333333333333,79.87012987012987,32.94249116826784,1177.724633147925
qwen3,8b,1e-06,0.04,600,12797.4,71.75767918088737,38.88888888888889,85.36770280515542,79.65544712208722,77.80195865070729,62.68734715403288,78.16061383794998,65.73333333333333,82.02614379084967,34.75728598237546,1165.9853728262965
qwen3,8b,1e-06,0.04,800,17063.2,71.67235494880546,39.8989898989899,86.73237300985596,79.65544712208722,78.29162132752992,63.274732767790745,79.67060732190589,70.03333333333333,84.31372549019608,33.047666931495584,1195.467783113359
qwen3,8b,1e-06,0.04,1000,21329.0,71.41638225255973,38.88888888888889,86.73237300985596,79.84465245966939,77.85636561479869,63.529061174925886,79.44204710169018,67.96666666666667,79.87012987012987,34.19169256666693,1144.232237060929
qwen3,8b,1e-06,0.04,1200,25594.8,72.09897610921502,39.39393939393939,86.2016679302502,79.84465245966939,78.12840043525571,63.55316337046073,79.15353484310519,67.36666666666666,81.16883116883116,31.7382437652865,1184.3143928930424
qwen3,8b,1e-06,0.04,1400,29860.6,71.9283276450512,39.39393939393939,86.12585291887794,79.91435968930492,78.12840043525571,63.65082013326372,79.89916754212157,66.63333333333333,79.87012987012987,32.54533729022639,1186.4286449624954
qwen3,8b,1e-06,0.04,1600,34126.4,71.9283276450512,38.38383838383838,85.59514783927217,79.97410874327822,78.0739934711643,63.61211049056677,79.52072722598263,66.23333333333332,79.8076923076923,30.940651366010417,1122.7862381122486
qwen3,8b,1e-06,0.04,1800,38392.2,71.84300341296928,39.8989898989899,85.82259287338894,79.97410874327822,78.0195865070729,63.80018418257286,80.06777572396797,66.33333333333334,81.4935064935065,31.27789503337063,1183.0079817173255
qwen3,8b,1e-06,0.04,2000,42658.0,72.01365187713311,39.8989898989899,86.05003790750568,79.9044015136427,77.85636561479869,63.78336121575602,80.16019716574246,65.73333333333332,79.93421052631578,30.8066237815988,1182.3605042306492
qwen3,8b,1e-06,0.04,2031,43319.2,71.84300341296928,38.38383838383838,86.2016679302502,79.76498705437164,77.63873775843308,63.783716117946135,88.01119917374788,65.66666666666666,79.08496732026144,29.8023556228298,1166.729537457054
qwen3,8b,2e-06,0.01,200,4259.6,70.81911262798634,38.38383838383838,86.3532979529947,80.23302131049593,77.85636561479869,63.27052868149777,78.6964144026738,77.73333333333333,84.83870967741936,47.87343857228269,1242.7334902426653
qwen3,8b,2e-06,0.01,400,8519.3,72.01365187713311,40.4040404040404,88.09704321455648,80.37243576976698,76.82263329706203,65.38365595410117,78.81382509519187,72.0,83.87096774193549,45.50265930644759,1220.1434692848702
qwen3,8b,2e-06,0.01,600,12778.9,72.7815699658703,41.41414141414141,89.61334344200151,80.57159928301135,76.4961915125136,65.85371724669074,77.37126380226687,69.39999999999999,81.04575163398692,43.29908191028002,1235.3211806162742
qwen3,8b,2e-06,0.01,800,17038.5,73.29351535836177,39.8989898989899,89.53752843062927,80.79067914758016,76.44178454842219,66.25995331741414,77.64104797492874,67.8,80.12820512820514,42.13602339793359,1186.759152507992
qwen3,8b,2e-06,0.01,1000,21298.1,73.63481228668942,40.4040404040404,88.09704321455648,80.97988448516233,76.6050054406964,65.97084630455421,76.96910863176372,66.23333333333333,82.9032258064516,42.19963129108149,1190.5821884528475
qwen3,8b,2e-06,0.01,1200,25557.8,73.29351535836177,40.4040404040404,87.03563305534496,80.80063732324238,76.98585418933624,66.08620697712443,74.94952282166872,69.23333333333332,83.01282051282051,44.33934592808234,1193.326820005707
qwen3,8b,2e-06,0.01,1400,29817.4,73.46416382252559,37.87878787878788,87.79378316906747,80.79067914758016,76.6594124047878,66.27264402458762,75.58400599298749,67.63333333333333,83.66013071895425,42.73240465387885,1136.2525295667149
qwen3,8b,2e-06,0.01,1600,34077.0,73.46416382252559,39.8989898989899,88.17285822592874,80.87034455287791,77.09466811751903,66.54478217570198,75.20556567684854,64.86666666666666,82.66666666666667,46.13250351925294,1176.833980080915
qwen3,8b,2e-06,0.01,1800,38336.7,73.29351535836177,38.88888888888889,87.33889310083397,80.89026090420235,76.98585418933624,66.59994299111024,74.1414447000625,66.46666666666667,83.76623376623377,44.3674571325228,1185.3478216948624
qwen3,8b,2e-06,0.01,2000,42596.3,73.37883959044369,39.39393939393939,87.26307808946171,80.90021907986457,77.04026115342764,66.55408018571995,74.00281253740076,65.06666666666666,82.46753246753246,43.87314344471312,1139.731348334417
qwen3,8b,2e-06,0.01,2031,43256.5,73.46416382252559,38.88888888888889,87.86959818043972,80.88030272854013,76.87704026115343,66.51929301699413,82.27469780183246,64.9,85.29411764705883,45.08685082127666,1183.9857395361569
qwen3,8b,2e-06,0.02,200,4237.7,71.160409556314,37.87878787878788,85.44351781652767,79.72515435172276,77.9651795429815,62.35779511756837,78.1356245872064,71.7,87.33766233766234,43.10037842192862,1226.438128464824
qwen3,8b,2e-06,0.02,400,8475.4,71.9283276450512,40.4040404040404,88.09704321455648,79.93427604062936,77.20348204570186,64.99454427345451,77.52114389819013,68.89999999999999,84.51612903225806,45.49068063890396,1222.7161857383037
qwen3,8b,2e-06,0.02,600,12713.0,72.01365187713311,39.8989898989899,88.93100833965126,80.0637323242382,77.09466811751903,65.44020623661811,77.8995842143291,67.63333333333333,82.02614379084967,42.73924700451518,1209.326635495157
qwen3,8b,2e-06,0.02,800,16950.7,72.09897610921502,39.39393939393939,87.86959818043972,80.17327225652261,76.71381936887923,65.73881644786259,77.78217352181102,66.1,84.31372549019608,39.95942712989762,1142.0920674752654
qwen3,8b,2e-06,0.02,1000,21188.4,72.09897610921502,38.88888888888889,89.31008339651251,80.02389962158932,76.87704026115343,65.29220761560957,76.53071627725545,64.1,79.93421052631578,36.70888407017021,1166.21236362304
qwen3,8b,2e-06,0.02,1200,25426.1,71.84300341296928,38.88888888888889,87.94541319181198,80.03385779725154,76.98585418933624,65.36937006183543,75.84752900082891,64.66666666666666,80.3225806451613,39.69593318593605,1161.9556824767824
qwen3,8b,2e-06,0.02,1400,29663.8,71.84300341296928,38.88888888888889,88.77937831690674,79.98406691894046,76.98585418933624,65.71285964329334,74.66101056308372,65.89999999999999,80.33333333333333,38.477901953629605,1191.5948407957685
qwen3,8b,2e-06,0.02,1600,33901.5,72.01365187713311,38.88888888888889,90.44730856709629,79.96415056761602,77.20348204570186,65.81901685892738,76.27218003785512,66.73333333333333,81.0,39.12047515702352,1187.458701245091
qwen3,8b,2e-06,0.02,1800,38139.1,71.9283276450512,38.88888888888889,89.23426838514025,79.99402509460268,77.04026115342764,65.78434087309914,75.0744136668484,65.26666666666667,81.9078947368421,38.926636913736544,1164.963603944075
qwen3,8b,2e-06,0.02,2000,42376.8,71.9283276450512,37.87878787878788,90.14404852160727,79.99402509460268,76.98585418933624,65.67752663712137,74.91954680248408,62.73333333333333,77.77777777777779,40.17561909811096,1169.822267433701
qwen3,8b,2e-06,0.02,2031,43033.7,71.84300341296928,38.38383838383838,89.38589840788475,80.00398327026488,76.98585418933624,65.73350211028847,87.21935575384425,63.33333333333333,84.0909090909091,38.15977151377384,1178.609667169731
qwen3,8b,2e-06,0.04,200,4262.4,70.81911262798634,38.88888888888889,84.6095526914329,79.61561441943836,78.0739934711643,60.55451716205695,80.68851757780467,70.13333333333333,83.11688311688312,32.85920003459374,1195.9059227638816
qwen3,8b,2e-06,0.04,400,8524.7,71.75767918088737,39.39393939393939,86.88400303260046,79.76498705437164,77.63873775843308,63.81544559642604,79.18101747806931,67.66666666666666,79.54545454545455,36.45424685572396,1205.6589463612647
qwen3,8b,2e-06,0.04,600,12787.1,72.09897610921502,38.88888888888889,87.03563305534496,80.0637323242382,77.6931447225245,64.47386392910842,79.32214302495157,65.83333333333333,79.16666666666666,36.4030008302633,1201.297445738629
qwen3,8b,2e-06,0.04,800,17049.5,72.09897610921502,39.39393939393939,85.89840788476118,79.9044015136427,77.63873775843308,64.82127163953618,80.4786854435121,63.3,80.13245033112582,31.828595068902576,1181.332101543167
qwen3,8b,2e-06,0.04,1000,21311.8,72.01365187713311,39.39393939393939,85.51933282789992,80.03385779725154,77.47551686615887,64.61087803297431,81.08568597986675,63.1,82.6797385620915,31.643797405878843,1180.3059906285728
qwen3,8b,2e-06,0.04,1200,25574.2,72.01365187713311,38.88888888888889,84.98862774829416,80.16331408086039,77.36670293797606,64.46501308720272,79.30341493902844,62.46666666666666,78.8961038961039,34.06307328728364,1163.6767358257534
qwen3,8b,2e-06,0.04,1400,29836.6,71.9283276450512,38.88888888888889,85.59514783927217,80.15335590519817,77.47551686615887,64.57741374745068,79.42581239998758,61.6,79.27631578947368,31.1014803390906,1157.5542146163898
qwen3,8b,2e-06,0.04,1600,34098.9,71.67235494880546,38.38383838383838,85.36770280515542,80.12348137821151,77.31229597388466,64.78995981773687,79.86919152293692,62.93333333333332,80.26315789473685,30.219584799815724,1174.8764664135938
qwen3,8b,2e-06,0.04,1800,38361.3,71.75767918088737,37.87878787878788,86.88400303260046,80.07369049990042,77.20348204570186,64.7045617111041,78.93871594037155,63.99999999999999,80.79470198675497,32.426208990436045,1176.3980514280531
qwen3,8b,2e-06,0.04,2000,42623.7,72.09897610921502,38.88888888888889,86.65655799848369,80.04381597291376,77.47551686615887,64.67295679246433,79.45578841917225,63.73333333333333,81.16883116883116,30.61757141480839,1144.579331961815
qwen3,8b,2e-06,0.04,2031,43284.3,72.09897610921502,38.88888888888889,86.3532979529947,80.20314678350925,77.31229597388466,64.69167853512315,87.91877773197339,62.33333333333333,80.79470198675497,30.433601195715376,1187.4074379452718
qwen3,8b,4e-06,0.01,200,4264.0,71.9283276450512,39.39393939393939,87.64215314632298,80.601473809998,76.6050054406964,65.27367619054473,76.10606524022927,72.36666666666667,84.0909090909091,47.07675216509543,1223.778559482232
qwen3,8b,4e-06,0.01,400,8528.1,73.63481228668942,39.8989898989899,89.46171341925702,80.52180840470025,75.51686615886834,66.80004723158672,76.45203615296303,68.16666666666666,87.08609271523179,43.21869072111324,1224.9588914777828
qwen3,8b,4e-06,0.01,600,12792.1,74.14675767918088,41.41414141414141,89.15845337376801,81.27862975502887,76.93144722524482,67.33915022600671,73.77923908562613,66.4,81.08974358974359,42.58660192526805,1199.541275384482
qwen3,8b,4e-06,0.01,800,17056.2,74.14675767918088,40.909090909090914,89.84078847611828,81.75662218681538,76.76822633297063,67.76889013826525,78.52531283660687,60.96666666666666,84.74025974025975,38.379506358834895,1165.6097085796173
qwen3,8b,4e-06,0.01,1000,21320.2,74.23208191126281,41.91919191919192,87.18726307808946,81.69687313284206,77.47551686615887,67.57104654518753,73.61063090377975,57.4,81.21019108280255,38.74260560224568,1142.4424467613294
qwen3,8b,4e-06,0.01,1200,25584.2,74.40273037542661,39.39393939393939,88.77937831690674,81.7665803624776,77.47551686615887,68.04812791167218,72.39662983107044,62.06666666666666,83.11688311688312,42.39908848308869,1156.1214567257166
qwen3,8b,4e-06,0.01,1400,29848.3,74.23208191126281,38.38383838383838,88.70356330553449,81.37821151165106,77.47551686615887,67.79558457765623,72.89497422394801,60.8,81.16883116883116,40.26163386560065,1130.5527276391067
qwen3,8b,4e-06,0.01,1600,34112.3,74.06143344709898,39.39393939393939,87.64215314632298,81.58733320055765,77.36670293797606,68.24763999041019,71.11519656733024,61.36666666666666,79.6774193548387,42.31502150103496,1146.7354840271269
qwen3,8b,4e-06,0.01,1800,38376.3,74.14675767918088,39.8989898989899,88.09704321455648,81.59729137621987,77.85636561479869,68.80615920824076,70.87788179807355,62.266666666666666,82.25806451612904,44.02039754324972,1136.684158441342
qwen3,8b,4e-06,0.01,2000,42640.4,73.89078498293516,38.38383838383838,88.24867323730099,81.58733320055765,77.74755168661589,68.35634252190168,70.63308687615528,62.46666666666667,82.05128205128204,44.20139477924466,1129.9802929305995
qwen3,8b,4e-06,0.01,2031,43301.3,73.97610921501706,38.38383838383838,87.71796815769522,81.51762597092213,77.52992383025027,68.46810904054864,76.32210313080404,60.86666666666666,83.00653594771242,41.97851427084161,1142.724548936901
qwen3,8b,4e-06,0.02,200,4256.0,71.9283276450512,38.88888888888889,86.5049279757392,80.23302131049593,77.9107725788901,64.2803255866078,78.0869204820986,72.06666666666666,85.76158940397352,41.394895360709775,1237.645211236606
qwen3,8b,4e-06,0.02,400,8512.0,72.09897610921502,40.4040404040404,89.76497346474602,80.19318860784705,76.6050054406964,65.08631403971381,75.78508357823908,67.86666666666667,80.26315789473685,38.94164204103413,1195.3401734219776
qwen3,8b,4e-06,0.02,600,12768.1,72.61092150170649,42.42424242424242,89.08263836239576,80.4919338777136,77.36670293797606,65.20372285097667,75.46659530046942,64.26666666666665,82.46753246753246,38.14166768437728,1157.2231796082378
qwen3,8b,4e-06,0.02,800,17024.1,72.95221843003414,41.41414141414141,89.46171341925702,80.56164110734913,77.20348204570186,65.57474482040874,73.53693754792839,60.466666666666654,77.81456953642383,36.83424111391933,1161.2299656700663
qwen3,8b,4e-06,0.02,1000,21280.1,72.61092150170649,38.88888888888889,88.09704321455648,80.59151563433579,77.47551686615887,65.12417733134667,70.81294299126318,55.66666666666666,80.76923076923077,34.16230222966195,1113.4354266631708
qwen3,8b,4e-06,0.02,1200,25536.1,73.12286689419795,40.4040404040404,87.26307808946171,80.30272854013145,77.14907508161045,65.52234746553953,74.47866106375528,60.23333333333333,84.83870967741936,40.16480442025133,1138.258823949633
qwen3,8b,4e-06,0.02,1400,29792.1,72.7815699658703,38.38383838383838,87.79378316906747,80.25293766182035,77.09466811751903,65.80212329265623,76.39707088303479,59.266666666666666,82.05128205128204,37.68324110646658,1160.4914332507196
qwen3,8b,4e-06,0.02,1600,34048.2,72.35494880546075,37.37373737373738,87.26307808946171,80.36247759410476,76.82263329706203,66.20730032845479,74.79964272574546,61.5,82.46753246753246,39.939183065920446,1160.0755429163232
qwen3,8b,4e-06,0.02,1800,38304.2,72.35494880546075,37.87878787878788,87.18726307808946,80.42222664807808,76.76822633297063,65.70964035463922,74.50863708293993,59.86666666666666,83.44155844155844,38.356761134896914,1175.2630763604882
qwen3,8b,4e-06,0.02,2000,42560.2,72.35494880546075,37.37373737373738,86.9598180439727,80.30272854013145,76.71381936887923,65.48230547609988,74.85460799567369,59.39999999999999,80.79470198675497,36.42128688106682,1157.2785375506216
qwen3,8b,4e-06,0.02,2031,43219.9,72.09897610921502,37.87878787878788,87.33889310083397,80.17327225652261,76.82263329706203,65.43723664253761,82.59069269538159,61.0,78.98089171974523,33.80684417398464,1145.3265646238483
qwen3,8b,4e-06,0.04,200,1325.8,71.58703071672356,39.39393939393939,86.27748294162244,79.99402509460268,77.6931447225245,63.703493252163945,78.71264910437638,70.1,81.81818181818183,37.304531146658405,1206.2900863644986
qwen3,8b,4e-06,0.04,400,2651.5,71.33105802047781,40.4040404040404,87.79378316906747,80.55168293168691,76.87704026115343,65.41553066539358,77.57234138751845,63.8,81.69934640522875,40.744947749916136,1203.8336941578596
qwen3,8b,4e-06,0.04,600,3977.3,72.18430034129693,39.39393939393939,89.0068233510235,80.47201752638917,76.98585418933624,64.52210964628532,77.97826433862153,60.53333333333333,78.94736842105263,35.21042715474147,1175.6360905331862
qwen3,8b,4e-06,0.04,800,5303.0,71.75767918088737,41.41414141414141,88.93100833965126,80.5417247560247,76.76822633297063,65.02348594314529,75.27050448365891,57.46666666666666,75.83892617449665,31.81299065426199,1170.5045078968024
qwen3,8b,4e-06,0.04,1000,6628.8,71.33105802047781,40.4040404040404,89.0068233510235,80.42222664807808,77.20348204570186,64.63200633136526,75.60772084735169,59.133333333333326,78.04054054054053,31.62721087610823,1118.8631897338985
qwen3,8b,4e-06,0.04,1200,7954.5,71.33105802047781,39.39393939393939,88.47611827141773,80.20314678350925,77.25788900979326,64.64802511709863,74.95201620588927,58.6,80.26315789473685,32.29959806034387,1173.110900347182
qwen3,8b,4e-06,0.04,1400,9280.3,71.58703071672356,40.909090909090914,88.47611827141773,80.35251941844254,77.42110990206747,64.70676714648361,76.5931616998453,60.83333333333333,79.73856209150327,32.60378696544358,1156.0577744705424
qwen3,8b,4e-06,0.04,1600,10606.0,71.67235494880546,39.8989898989899,87.49052312357847,80.31268671579367,77.58433079434167,65.10931210450256,72.90622215720954,59.8,78.10457516339869,34.65878874744807,1141.6096286767693
qwen3,8b,4e-06,0.04,1800,11931.8,71.67235494880546,40.4040404040404,87.71796815769522,80.46205935072695,77.42110990206747,64.67702049773997,73.60813751955921,59.73333333333333,79.61783439490446,31.71513556673748,1154.602008945341
qwen3,8b,4e-06,0.04,2000,13257.5,71.33105802047781,40.909090909090914,88.09704321455648,80.46205935072695,77.52992383025027,64.6141964539045,74.13895131584196,60.26666666666666,78.52564102564102,32.42526910277866,1155.022426712362
qwen3,8b,4e-06,0.04,2031,13463.0,,,,,,,83.67104837387022,59.56666666666666,77.41935483870968,32.32576692450688,1115.651735537814
qwen3,14b,8e-08,0.01,200,6811.1,69.45392491467577,35.35353535353536,85.67096285064443,80.72097191794462,79.86942328618063,54.46557627040206,87.84259099190149,51.16666666666666,54.14012738853503,14.247468693374548,1062.2929236742843
qwen3,14b,8e-08,0.01,400,13622.2,69.11262798634812,36.36363636363637,86.5049279757392,80.98984266082454,79.92383025027203,54.89748572064141,87.21935575384425,54.33333333333333,59.03225806451613,16.898029581680422,1085.17401389186
qwen3,14b,8e-08,0.01,600,20433.3,69.45392491467577,36.36363636363637,87.11144806671722,81.1790479984067,80.25027203482045,55.39442577035578,87.26556647473149,54.03333333333333,61.29032258064516,21.46129664013462,1112.917487512043
qwen3,14b,8e-08,0.01,800,27244.4,69.28327645051195,36.86868686868687,88.02122820318424,81.40808603863772,80.41349292709467,56.23428311252676,88.57448237343581,62.69999999999999,72.11538461538461,26.470748014244386,1135.340174219161
qwen3,14b,8e-08,0.01,1000,34055.5,69.36860068259386,37.37373737373738,87.86959818043972,81.557458673571,80.30467899891185,56.834940938441456,86.91710217777718,63.96666666666667,76.28205128205127,29.22129160384338,1147.4777604264652
qwen3,14b,8e-08,0.01,1200,40866.6,69.6245733788396,37.37373737373738,88.17285822592874,81.61720772754431,80.35908596300327,57.39466753878991,86.87089145688995,65.93333333333334,73.37662337662337,32.79870370539002,1191.9244678176672
qwen3,14b,8e-08,0.01,1400,47677.7,69.7952218430034,36.36363636363637,87.86959818043972,81.75662218681538,80.08705114254624,57.85103717543434,87.99995124048635,67.16666666666666,75.64935064935064,33.967775060474416,1192.6609892699232
qwen3,14b,8e-08,0.01,1600,54488.8,69.7952218430034,36.86868686868687,88.32448824867323,81.79645488946426,80.57671381936888,58.17416529406574,86.1714694787608,66.63333333333333,74.83870967741936,35.68455565338317,1177.155444662253
qwen3,14b,8e-08,0.01,1800,61299.9,69.96587030716724,37.37373737373738,88.55193328279,81.88607847042422,80.19586507072906,58.3935741940462,86.73475267844874,68.63333333333333,79.73856209150327,37.48012413841524,1206.01913532877
qwen3,14b,8e-08,0.01,2000,68111.0,69.88054607508532,37.37373737373738,88.17285822592874,81.89603664608643,80.08705114254624,58.50856747592567,87.63275885760893,69.16666666666666,79.35483870967742,36.73092888306648,1206.1008616473464
qwen3,14b,8e-08,0.01,2031,69166.7,70.05119453924915,36.86868686868687,88.02122820318424,81.84624576777534,80.41349292709467,58.44255734620422,87.17563841717754,67.13333333333333,76.12903225806451,38.1644216572124,1190.5291335024265
qwen3,14b,1e-07,0.01,200,3449.5,69.36860068259386,35.35353535353536,85.97422289613344,80.69109739095798,80.03264417845483,54.42453413316126,87.26556647473149,49.83333333333333,54.3046357615894,14.12907926689964,1081.1564281784051
qwen3,14b,1e-07,0.01,400,6899.0,69.19795221843003,35.858585858585855,86.42911296436695,80.9699263095001,80.19586507072906,55.07414861612388,88.07115121211719,55.6,59.210526315789465,18.34760000455838,1129.9163794520214
qwen3,14b,1e-07,0.01,600,10348.5,69.19795221843003,35.858585858585855,87.86959818043972,81.35829516032663,80.08705114254624,56.08955571750501,88.59071707513841,60.9,64.3312101910828,22.69697344753665,1144.0811029078743
qwen3,14b,1e-07,0.01,800,13798.0,69.6245733788396,35.858585858585855,87.86959818043972,81.59729137621987,80.03264417845483,57.005333917789535,88.50078901758445,63.133333333333326,75.15923566878982,31.944702071280663,1165.9250687157723
qwen3,14b,1e-07,0.01,1000,17247.5,69.7098976109215,36.36363636363637,88.24867323730099,81.7167894841665,80.14145810663766,57.914707170984045,86.35381897808925,65.8,76.79738562091504,34.57602016425315,1179.6568889931766
qwen3,14b,1e-07,0.01,1200,20697.0,70.13651877133105,37.37373737373738,88.855193328279,81.84624576777534,80.25027203482045,58.68251278356179,86.84091543770529,69.86666666666666,80.57324840764332,39.15488510587823,1198.661242853929
qwen3,14b,1e-07,0.01,1400,24146.5,69.96587030716724,36.86868686868687,88.855193328279,82.00557657837084,80.46789989118606,59.29722603996388,86.87089145688994,68.9,84.53947368421053,41.47698503779207,1216.6523770983597
qwen3,14b,1e-07,0.01,1600,27596.0,70.13651877133105,37.37373737373738,88.62774829416225,82.06532563234416,80.46789989118606,59.76279699461544,87.61901754012686,70.06666666666666,84.53947368421053,43.96530534921631,1243.9753370358187
qwen3,14b,1e-07,0.01,1800,31045.5,70.22184300341297,36.86868686868687,89.0068233510235,82.17486556462856,80.46789989118606,60.04701592380951,87.70894559768082,71.5,82.45033112582782,44.41280402449478,1230.0853536373295
qwen3,14b,1e-07,0.01,2000,34495.0,70.39249146757679,36.36363636363637,88.40030326004549,82.12507468631746,80.35908596300327,60.13815740766344,87.21935575384424,70.73333333333332,82.9032258064516,46.08958521026811,1227.401496536285
qwen3,14b,1e-07,0.01,2031,35029.7,70.4778156996587,35.858585858585855,88.47611827141773,82.04540928101972,80.46789989118606,60.110238932380526,87.13192108051082,71.63333333333333,83.54838709677419,43.332588598575285,1233.2863283386675
qwen3,14b,4e-07,0.01,200,6820.7,69.28327645051195,36.86868686868687,86.8081880212282,81.23879705238001,80.25027203482045,55.66604061646208,87.40170525317271,58.23333333333333,64.74358974358975,20.365830358153016,1116.4313374681933
qwen3,14b,4e-07,0.01,400,13641.3,70.64846416382252,36.86868686868687,89.76497346474602,82.21469826727743,80.35908596300327,61.39233661401639,87.37422261820858,72.3,81.61290322580645,48.8778916459021,1258.5026567930386
qwen3,14b,4e-07,0.01,600,20462.0,71.33105802047781,36.86868686868687,91.28127369219104,82.31428002389963,79.27094668117519,65.05852839528566,85.62192759655491,76.8,85.06493506493507,55.7149872758523,1263.9251363101453
qwen3,14b,4e-07,0.01,800,27282.7,71.84300341296928,37.87878787878788,91.12964366944657,82.16490738896634,79.21653971708379,65.6936059679473,86.70228327504356,78.86666666666666,83.87096774193549,56.38956943193237,1282.084001627845
qwen3,14b,4e-07,0.01,1000,34103.4,71.9283276450512,36.86868686868687,91.81197877179682,82.15494921330412,78.94450489662677,66.21585201006309,87.32801189732133,78.86666666666666,87.66233766233766,56.75473490165457,1291.5011463108217
qwen3,14b,4e-07,0.01,1200,40924.0,72.09897610921502,36.86868686868687,92.26686884003033,82.0952001593308,78.61806311207835,66.44128191047366,87.73892161686547,75.96666666666665,86.62420382165605,54.38980245241101,1286.7591673500651
qwen3,14b,4e-07,0.01,1400,47744.7,72.01365187713311,35.35353535353536,92.41849886277484,82.17486556462856,78.83569096844396,66.69929989225375,88.04366857715307,76.0,85.57692307692307,56.14123410377873,1289.0414630060818
qwen3,14b,4e-07,0.01,1600,54565.4,71.9283276450512,36.86868686868687,,82.22465644293966,78.61806311207835,66.84129385048367,88.01369255796841,77.13333333333333,88.53503184713377,54.09114823855408,1285.500335494788
qwen3,14b,4e-07,0.01,1800,61386.1,72.18430034129693,34.84848484848485,,82.24457279426409,78.40043525571274,66.92763412425022,87.92127111619392,78.33333333333333,,54.18218200084096,1302.9205484238546
qwen3,14b,4e-07,0.01,2000,68206.7,72.35494880546075,36.36363636363637,92.11523881728584,82.22465644293966,78.61806311207835,66.91920527651565,87.09945167710563,76.96666666666665,83.43949044585987,54.73252660207297,1274.021378618812
qwen3,14b,4e-07,0.01,2031,69264.0,72.35494880546075,34.84848484848485,91.73616376042456,82.20474009161521,78.78128400435256,66.94379739346277,87.4179399548753,77.16666666666666,87.09677419354838,53.90333342797354,1279.6366173810557
qwen3,14b,4e-07,0.02,200,6791.6,69.28327645051195,35.858585858585855,87.49052312357847,81.26867157936665,79.86942328618063,55.57876043290193,87.28180117643409,56.3,66.55844155844156,21.23272771178742,1114.899735923618
qwen3,14b,4e-07,0.02,400,13583.3,70.30716723549489,35.858585858585855,88.77937831690674,81.97570205138419,80.57671381936888,60.4718358848376,87.1456623979929,70.13333333333333,76.28205128205127,43.417361925273255,1221.4725482455528
qwen3,14b,4e-07,0.02,600,20374.9,71.41638225255973,36.36363636363637,90.14404852160727,82.06532563234416,79.70620239390642,63.32570921499517,87.58904152094222,69.73333333333333,80.5921052631579,49.93414038229095,1248.98285552934
qwen3,14b,4e-07,0.02,800,27166.6,71.41638225255973,36.36363636363637,91.0538286580743,81.98566022704641,79.5429815016322,64.12363324574952,87.05324095621839,72.7,87.33766233766234,49.53070257935941,1263.068311127422
qwen3,14b,4e-07,0.02,1000,33958.2,71.67235494880546,38.38383838383838,91.66034874905232,82.06532563234416,79.4885745375408,64.5490944609174,86.80844603430012,73.69999999999999,83.66013071895425,50.099235366296256,1265.9724663831894
qwen3,14b,4e-07,0.02,1200,40749.9,71.67235494880546,37.37373737373738,91.73616376042456,82.12507468631746,79.4341675734494,64.60476097841207,86.35381897808925,72.16666666666666,84.640522875817,49.98481020899841,1250.035931303092
qwen3,14b,4e-07,0.02,1400,47541.5,71.41638225255973,37.37373737373738,91.96360879454132,82.0852419836686,79.5429815016322,64.79553791027153,87.37422261820858,72.89999999999999,82.02614379084967,49.93039325284888,1256.8590816935834
qwen3,14b,4e-07,0.02,1600,54333.1,71.75767918088737,36.86868686868687,,82.07528380800638,79.379760609358,64.87366654522194,86.50619245823303,71.83333333333333,83.22368421052632,49.70095911382919,1249.6512583939436
qwen3,14b,4e-07,0.02,1800,61124.8,71.75767918088737,36.86868686868687,91.66034874905232,82.10515833499304,79.379760609358,64.98986298384382,86.596120515787,71.1,85.16129032258064,50.41303227366789,1265.845671767195
qwen3,14b,4e-07,0.02,2000,67916.4,71.75767918088737,36.86868686868687,92.03942380591356,82.00557657837084,79.4885745375408,64.97513542765303,86.2751388537968,71.03333333333333,85.71428571428571,49.92770887000548,1241.339331774067
qwen3,14b,4e-07,0.02,2031,68969.1,71.75767918088737,36.86868686868687,91.73616376042456,82.10515833499304,79.59738846572361,65.02096329899419,86.307608257202,70.5,85.80645161290322,49.85296554506276,1249.99669514688
qwen3,14b,4e-07,0.04,200,6839.7,69.19795221843003,36.36363636363637,87.41470811220621,81.15913164708225,80.08705114254624,55.55979158175093,88.56074105595376,56.73333333333333,63.54838709677419,21.76054530180152,1115.12459049485
qwen3,14b,4e-07,0.04,400,13679.4,69.88054607508532,35.858585858585855,88.40030326004549,81.61720772754431,80.19586507072906,59.19325333367419,86.47870982326893,65.36666666666666,77.12418300653596,35.170888858596285,1192.3992331023244
qwen3,14b,4e-07,0.04,600,20519.1,70.90443686006826,37.37373737373738,89.31008339651251,81.7765385381398,80.25027203482045,61.1176731631254,86.46247512156633,68.1,79.60526315789474,39.16343818083636,1223.4310975255005
qwen3,14b,4e-07,0.04,800,27358.8,71.07508532423208,36.86868686868687,89.84078847611828,81.91595299741088,80.14145810663766,61.7924231289941,86.91710217777718,66.83333333333333,77.45098039215686,41.71063797157041,1221.6935293960644
qwen3,14b,4e-07,0.04,1000,34198.5,70.98976109215018,38.38383838383838,90.29567854435176,81.79645488946426,79.81501632208922,62.29962064795303,87.65148694353205,69.76666666666667,76.77419354838709,42.864287318868186,1218.1199603095113
qwen3,14b,4e-07,0.04,1200,41038.2,71.41638225255973,37.37373737373738,90.21986353297952,81.75662218681538,79.97823721436343,62.35115448914472,87.70894559768082,70.26666666666667,77.30263157894737,41.62470862027507,1224.814478042155
qwen3,14b,4e-07,0.04,1400,47877.9,70.98976109215018,38.38383838383838,90.44730856709629,81.83628759211312,79.70620239390642,62.566560963843045,87.72518029938342,70.16666666666666,76.94805194805194,41.79215691039992,1232.5263696125926
qwen3,14b,4e-07,0.04,1600,54717.6,70.90443686006826,37.37373737373738,90.44730856709629,81.85620394343756,79.97823721436343,62.60273870408973,87.15940371547495,68.63333333333333,76.92307692307693,40.810973262509854,1237.1251791937066
qwen3,14b,4e-07,0.04,1800,61557.3,70.90443686006826,38.38383838383838,90.82638362395754,81.7665803624776,79.5429815016322,62.59178818572924,86.67230725585891,67.56666666666666,80.26315789473685,42.17560353098384,1218.904761413367
qwen3,14b,4e-07,0.04,2000,68397.0,71.33105802047781,37.37373737373738,91.0538286580743,81.80641306512648,79.76060935799782,62.60419570597817,86.79470471681805,68.86666666666666,76.97368421052632,40.38144703118214,1235.1865026046703
qwen3,14b,4e-07,0.04,2031,69457.1,70.90443686006826,36.86868686868687,90.5989385898408,81.78649671380202,79.65179542981502,62.565596251756176,86.20144549794544,67.46666666666667,79.41176470588235,40.91318166557741,1210.956380161488
qwen3,14b,8e-07,0.01,200,6859.2,69.88054607508532,36.36363636363637,88.24867323730099,81.91595299741088,80.25027203482045,58.17970144217918,86.94707819696184,67.19999999999999,72.25806451612902,37.80613202493395,1165.3083959534797
qwen3,14b,8e-07,0.01,400,13718.3,72.26962457337885,38.38383838383838,91.88779378316907,82.194781915953,78.99891186071817,66.17178612656306,86.94707819696184,76.86666666666666,86.7741935483871,56.375468970466805,1304.24913547759
qwen3,14b,8e-07,0.01,600,20577.5,72.18430034129693,35.35353535353536,91.81197877179682,82.26448914558853,78.12840043525571,67.13782652896467,86.29386693971995,77.16666666666666,88.21656050955414,54.21694688295366,1278.9416621329597
qwen3,14b,8e-07,0.01,800,27436.7,72.7815699658703,36.36363636363637,91.0538286580743,82.31428002389963,78.34602829162132,67.86258432339157,86.96331289866444,75.46666666666665,86.94267515923568,54.31636215007462,1292.974219045774
qwen3,14b,8e-07,0.01,1000,34295.8,73.20819112627987,35.35353535353536,89.53752843062927,82.42381995618403,78.34602829162132,68.2146042533439,85.47204750063166,74.83333333333334,86.85897435897436,53.470520666703216,1267.187231937861
qwen3,14b,8e-07,0.01,1200,41155.0,73.20819112627987,34.84848484848485,88.09704321455648,82.47361083449512,78.50924918389553,68.46729096475461,82.53822080967389,74.26666666666665,86.03896103896103,52.89262895980343,1299.082046777221
qwen3,14b,8e-07,0.01,1400,48014.2,73.37883959044369,34.34343434343434,88.47611827141773,82.41386178052181,78.40043525571274,68.68164915238538,81.23179829519009,73.53333333333333,83.76623376623377,52.38511884180318,1287.566515775698
qwen3,14b,8e-07,0.01,1600,54873.3,73.63481228668942,34.84848484848485,88.855193328279,82.48356901015734,78.61806311207835,68.90734116586911,78.9924068139204,72.2,84.86842105263158,52.24392365475063,1269.2463381628888
qwen3,14b,8e-07,0.01,1800,61732.5,73.46416382252559,34.84848484848485,87.94541319181198,82.47361083449512,78.78128400435256,68.85901361627971,74.01777284272397,67.9,84.19354838709677,52.169796538469605,1258.9058412764557
qwen3,14b,8e-07,0.01,2000,68591.7,73.46416382252559,33.83838383838384,87.64215314632298,82.53335988846842,78.34602829162132,68.87578082808655,74.21635704375502,72.66666666666666,84.21052631578947,51.7158989872868,1258.8449445776746
qwen3,14b,8e-07,0.01,2031,69654.8,73.63481228668942,35.35353535353536,88.70356330553449,82.39394542919737,78.18280739934713,68.83678554706216,75.0981285212126,71.33333333333333,85.06493506493507,52.70629386378324,1263.64856081427
qwen3,14b,8e-07,0.02,200,6804.4,69.7952218430034,36.36363636363637,88.09704321455648,81.8263294164509,80.41349292709467,57.942949142321964,87.05324095621839,65.86666666666666,76.2987012987013,31.97892296138244,1188.0285182725245
qwen3,14b,8e-07,0.02,400,13608.8,71.84300341296928,37.37373737373738,90.67475360121304,82.15494921330412,79.21653971708379,64.64834920029968,86.87338484111048,72.69999999999999,86.53846153846155,49.92420307560298,1283.2539036591515
qwen3,14b,8e-07,0.02,600,20413.2,72.09897610921502,37.87878787878788,91.81197877179682,82.16490738896634,79.4885745375408,65.5834143676915,87.51285478087031,73.1,84.53947368421053,49.85383131377591,1275.9230915524977
qwen3,14b,8e-07,0.02,800,27217.6,72.09897610921502,35.858585858585855,92.11523881728584,82.0952001593308,79.16213275299239,66.08183540955046,87.28180117643409,72.9,85.8974358974359,51.69251825910531,1259.6786114487252
qwen3,14b,8e-07,0.02,1000,34022.0,72.18430034129693,36.36363636363637,91.73616376042456,82.20474009161521,79.05331882480957,66.32277788268453,87.98371653878377,73.43333333333334,84.19354838709677,46.41067633035066,1257.8236584797985
qwen3,14b,8e-07,0.02,1200,40826.4,72.18430034129693,35.35353535353536,91.12964366944657,82.22465644293966,79.21653971708379,66.43435697881023,87.73892161686547,72.1,84.07643312101911,48.289169611569534,1260.1981477253894
qwen3,14b,8e-07,0.02,1400,47630.8,72.35494880546075,35.858585858585855,91.43290371493556,82.11511651065526,78.89009793253537,66.57404231611844,87.46415067576253,71.43333333333334,84.51612903225806,45.76730302307021,1260.2069470624087
qwen3,14b,8e-07,0.02,1600,54435.2,72.09897610921502,34.84848484848485,91.58453373768006,82.11511651065526,79.16213275299239,66.63306957907162,88.19604205729686,70.96666666666667,84.640522875817,48.11949398799332,1242.382354246262
qwen3,14b,8e-07,0.02,1800,61239.6,72.35494880546075,34.34343434343434,91.58453373768006,82.11511651065526,78.78128400435256,66.77595355978725,86.85715013940788,69.19999999999999,83.86075949367088,46.78538172819926,1249.2710190262158
qwen3,14b,8e-07,0.02,2000,68044.0,72.61092150170649,35.35353535353536,91.73616376042456,82.0852419836686,79.05331882480957,66.77146650055225,87.37422261820858,69.93333333333334,85.06493506493507,46.75816602051667,1281.0460211448017
qwen3,14b,8e-07,0.02,2031,69098.7,72.44027303754265,35.858585858585855,91.58453373768006,82.11511651065526,79.21653971708379,66.74244000563718,87.82884967441943,69.73333333333333,84.2948717948718,47.47191027150157,1231.57728836491
qwen3,14b,8e-07,0.04,200,17303.2,69.53924914675767,37.37373737373738,87.94541319181198,81.52758414658435,80.19586507072906,57.55592599330421,87.03949963873633,64.73333333333333,70.45454545454545,29.85633586288288,1189.1672343110183
qwen3,14b,8e-07,0.04,400,34606.3,71.33105802047781,37.37373737373738,90.82638362395754,81.81637124078868,79.97823721436343,62.39611849487496,86.41377101645855,69.66666666666666,81.73076923076923,43.251373037033694,1228.885529186667
qwen3,14b,8e-07,0.04,600,51909.5,71.75767918088737,37.37373737373738,90.5989385898408,81.88607847042422,79.59738846572361,63.33285873087146,87.51036139664978,67.3,80.76923076923077,43.39388164694189,1250.6892687696063
qwen3,14b,8e-07,0.04,800,69212.6,71.58703071672356,36.36363636363637,91.0538286580743,81.84624576777534,79.70620239390642,63.83741724129948,86.85715013940789,68.3,82.79220779220779,41.98840770930185,1211.5107630416314
qwen3,14b,8e-07,0.04,1000,86515.8,71.75767918088737,37.87878787878788,90.67475360121304,81.81637124078868,79.4341675734494,64.03036649982081,86.84091543770529,67.13333333333333,81.4935064935065,42.11559574102116,1246.2569705521812
qwen3,14b,8e-07,0.04,1200,103818.9,71.84300341296928,36.36363636363637,90.9021986353298,81.7765385381398,79.5429815016322,63.92879891130908,87.64899355931152,67.83333333333331,82.25806451612904,40.48640431002092,1197.5849522185424
qwen3,14b,8e-07,0.04,1400,121122.1,72.09897610921502,37.37373737373738,90.37149355572404,81.79645488946426,79.5429815016322,63.99090232096722,87.32801189732133,69.46666666666667,80.57324840764332,40.84027421435706,1216.7644575462018
qwen3,14b,8e-07,0.04,1600,138425.2,72.01365187713311,36.86868686868687,90.44730856709629,81.7665803624776,79.4885745375408,64.03970702144217,87.81510835693737,67.9,82.46753246753246,39.33088223117552,1224.193352572841
qwen3,14b,8e-07,0.04,1800,155728.4,71.9283276450512,37.37373737373738,90.7505686125853,81.7765385381398,79.4341675734494,64.0220840448364,87.70894559768082,67.06666666666666,83.01282051282051,40.38945613404674,1234.3682542107013
qwen3,14b,8e-07,0.04,2000,173031.5,71.75767918088737,35.858585858585855,90.82638362395754,81.74666401115316,79.59738846572361,63.9852956138381,87.34175321480339,67.26666666666667,79.6774193548387,39.70050705297911,1214.8684516766846
qwen3,14b,8e-07,0.04,2031,175713.5,71.9283276450512,36.36363636363637,90.37149355572404,81.81637124078868,79.4885745375408,64.08753086937239,87.93750581789652,,80.0,40.32785989626608,1201.3525425831945
qwen3,14b,1e-06,0.01,200,6770.9,69.96587030716724,36.36363636363637,89.31008339651251,82.07528380800638,80.52230685527746,59.81569427606325,80.17144509900398,71.2,82.9032258064516,42.76248354894253,1232.8019401773304
qwen3,14b,1e-06,0.01,400,13541.9,72.35494880546075,36.86868686868687,92.19105382865808,82.20474009161521,78.72687704026116,66.98725009445576,77.64603474336982,76.43333333333332,88.38709677419355,55.30741304722097,1276.7449633121664
qwen3,14b,1e-06,0.01,600,20312.8,72.86689419795222,36.86868686868687,91.3570887035633,82.45369448317068,78.50924918389553,68.08010092307558,76.69932445910183,74.46666666666667,86.60130718954248,54.84102307275068,1285.786981658013
qwen3,14b,1e-06,0.01,800,27083.8,73.63481228668942,34.84848484848485,89.61334344200151,82.50348536148178,78.29162132752992,68.63689334870728,75.69764890490565,74.46666666666667,85.3896103896104,52.76794204593321,1253.550620201216
qwen3,14b,1e-06,0.01,1000,33854.7,73.97610921501706,35.35353535353536,88.32448824867323,82.5731925911173,78.23721436343853,68.82843911596264,75.90997442341876,70.03333333333333,82.9032258064516,51.97567472867536,1257.652339547716
qwen3,14b,1e-06,0.01,1200,40625.6,74.14675767918088,32.82828282828283,89.08263836239576,82.5731925911173,78.18280739934713,68.7815882401609,74.81338404322753,71.0,83.98692810457517,52.38034606199644,1258.4286005750512
qwen3,14b,1e-06,0.01,1400,47396.6,73.80546075085324,33.83838383838384,89.76497346474602,82.61302529376619,78.18280739934713,69.29396142705434,72.78881146469146,71.56666666666666,83.01282051282051,52.47862444335548,1251.6234504192385
qwen3,14b,1e-06,0.01,1600,54167.5,74.23208191126281,32.82828282828283,88.24867323730099,82.47361083449512,78.18280739934713,69.28038983263208,72.78881146469146,69.1,83.12101910828027,54.16313762173006,1248.9634173135146
qwen3,14b,1e-06,0.01,1800,60938.4,74.31740614334471,33.33333333333333,88.47611827141773,82.66281617207729,78.23721436343853,69.33292964910636,73.96158858495458,65.19999999999999,80.1948051948052,52.25650492614352,1273.3523513353352
qwen3,14b,1e-06,0.01,2000,67709.4,74.14675767918088,33.33333333333333,88.17285822592874,82.63294164509063,78.23721436343853,69.28078530700863,73.48574005860007,63.66666666666666,79.54545454545455,52.40122274116232,1274.7313960069228
qwen3,14b,1e-06,0.01,2031,68758.9,74.06143344709898,33.33333333333333,88.40030326004549,82.61302529376619,77.9107725788901,69.31019255070396,65.46485547236888,66.0,86.85897435897436,54.159268910384114,1262.5725143445798
qwen3,14b,1e-06,0.02,200,6797.0,69.88054607508532,36.36363636363637,88.77937831690674,81.99561840270863,80.46789989118606,59.353774155854346,80.41624002092226,,77.59740259740259,39.12701720513767,1217.166127267525
qwen3,14b,1e-06,0.02,400,13594.0,71.75767918088737,37.37373737373738,91.43290371493556,82.22465644293966,79.10772578890098,65.2905185822857,77.52363728241068,73.5,81.9078947368421,49.95493129978207,1265.8021238494905
qwen3,14b,1e-06,0.02,600,20391.0,71.84300341296928,36.86868686868687,92.26686884003033,82.11511651065526,79.379760609358,66.24594034037608,77.27884236049239,73.06666666666666,79.03225806451613,50.51661961927481,1256.9156567953876
qwen3,14b,1e-06,0.02,800,27188.0,72.01365187713311,36.36363636363637,91.12964366944657,82.00557657837084,79.10772578890098,66.5523898208101,78.26926998142707,70.6,83.7579617834395,49.27092792374688,1226.3249524754333
qwen3,14b,1e-06,0.02,1000,33985.0,72.01365187713311,35.35353535353536,90.82638362395754,82.20474009161521,78.99891186071817,66.90604390094754,79.39583638080295,71.06666666666666,80.76923076923077,48.74437577819852,1240.529234735695
qwen3,14b,1e-06,0.02,1200,40781.9,72.44027303754265,36.36363636363637,91.50871872630782,82.18482374029078,79.379760609358,66.8828853767099,78.19308324135515,70.06666666666666,85.25641025641025,46.88522207780884,1264.2989213207036
qwen3,14b,1e-06,0.02,1400,47578.9,72.26962457337885,35.35353535353536,91.2054586808188,82.12507468631746,79.21653971708379,67.07109014050813,77.55361330159532,69.63333333333333,83.01282051282051,44.56348419817705,1257.7980108748277
qwen3,14b,1e-06,0.02,1600,54375.9,,35.858585858585855,90.67475360121304,82.22465644293966,79.16213275299239,67.05634720562453,77.41747452315413,68.43333333333334,80.76923076923077,45.97801622105568,1250.565599527844
qwen3,14b,1e-06,0.02,1800,61172.9,72.26962457337885,35.35353535353536,90.97801364670204,82.16490738896634,79.379760609358,67.11047359705937,76.4570229214041,,80.64516129032258,45.23014305404689,1248.6043046496836
qwen3,14b,1e-06,0.02,2000,67969.9,72.18430034129693,35.35353535353536,90.44730856709629,82.11511651065526,79.10772578890098,67.08703422598845,77.4911678790055,,81.16883116883116,45.61144717551956,1243.3294231294915
qwen3,14b,1e-06,0.02,2031,69023.4,72.52559726962457,35.35353535353536,90.97801364670204,82.15494921330412,79.21653971708379,67.08203041086689,86.88712615859254,69.1,85.19736842105263,48.57179869862874,1257.2954765514808
qwen3,14b,1e-06,0.04,200,6750.5,69.6245733788396,36.86868686868687,88.855193328279,81.58733320055765,80.46789989118606,58.47064279728723,79.21099349725395,65.16666666666666,77.09677419354838,32.58805604998411,1188.117010416621
qwen3,14b,1e-06,0.04,400,13501.0,71.160409556314,37.87878787878788,90.44730856709629,81.81637124078868,79.76060935799782,63.260427254218285,78.9849266612588,69.19999999999999,84.0909090909091,42.00328799171308,1208.442229187678
qwen3,14b,1e-06,0.04,600,20251.5,72.18430034129693,37.37373737373738,90.5989385898408,81.97570205138419,79.65179542981502,64.12944149786046,78.37293935646308,,87.01298701298701,41.15565047872416,1232.0355183743352
qwen3,14b,1e-06,0.04,800,27002.0,71.9283276450512,37.37373737373738,91.28127369219104,81.73670583549094,79.32535364526659,64.51038918889807,79.60816189931603,67.8,83.22580645161291,40.374820666172354,1226.1139931620276
qwen3,14b,1e-06,0.04,1000,33752.6,72.01365187713311,35.858585858585855,90.67475360121304,81.94582752439753,79.32535364526659,64.59179632799045,78.02447505950877,66.8,83.44370860927152,40.20954854552146,1225.8938318391106
qwen3,14b,1e-06,0.04,1200,40503.1,72.18430034129693,36.86868686868687,91.0538286580743,81.876120294762,79.379760609358,64.39676557753697,78.31298731809378,66.9,81.25,40.86059850129326,1216.6528419582992
qwen3,14b,1e-06,0.04,1400,47253.6,72.09897610921502,36.86868686868687,91.3570887035633,81.84624576777534,79.32535364526659,64.59704554132975,77.15644489953324,,80.0,39.09228260735397,1223.7842657184342
qwen3,14b,1e-06,0.04,1600,54004.1,72.09897610921502,35.858585858585855,91.73616376042456,81.8263294164509,79.59738846572361,64.5442681408863,77.73346941670324,65.26666666666665,83.33333333333334,41.29757669255973,1208.2362752152185
qwen3,14b,1e-06,0.04,1800,60754.6,72.26962457337885,35.858585858585855,90.82638362395754,81.91595299741088,79.32535364526659,64.50572573254286,78.13063781876532,68.13333333333333,80.96774193548387,38.4770231513399,1208.0431471090055
qwen3,14b,1e-06,0.04,2000,67505.1,72.01365187713311,35.858585858585855,91.43290371493556,81.88607847042422,79.65179542981502,64.59551040388355,77.35502910056428,63.9,77.70700636942675,38.870907185093536,1218.637964828098
qwen3,14b,1e-06,0.04,2031,68551.4,72.26962457337885,36.86868686868687,91.50871872630782,81.83628759211312,79.4341675734494,64.50238359652126,87.67647619427564,64.03333333333333,80.26315789473685,39.53769698804297,1203.9275903468665
qwen3,14b,2e-06,0.01,200,6789.4,72.01365187713311,36.86868686868687,91.96360879454132,82.23461461860188,78.67247007616976,66.43039182176216,77.7472107341853,77.06666666666666,85.80645161290322,57.49368348683701,1285.070205070861
qwen3,14b,2e-06,0.01,400,13578.9,73.89078498293516,33.33333333333333,89.08263836239576,82.43377813184625,77.25788900979326,69.29147333210743,78.06819239617549,69.73333333333332,86.53846153846155,53.98290326213133,1270.087344116503
qwen3,14b,2e-06,0.01,600,20368.3,74.31740614334471,33.83838383838384,91.96360879454132,82.56323441545509,77.25788900979326,70.01374074099532,73.64060692296441,,82.37179487179486,52.89929282571688,1249.434991008488
qwen3,14b,2e-06,0.01,800,27157.8,74.82935153583618,36.36363636363637,91.3570887035633,82.8420633339972,77.52992383025027,70.65063294323011,73.66808955792851,,80.1948051948052,50.669420469630936,1215.6925561192666
qwen3,14b,2e-06,0.01,1000,33947.2,74.57337883959045,35.858585858585855,91.96360879454132,82.69269069906393,77.6931447225245,70.48300684990477,72.60646196536301,61.2,81.29032258064515,50.89840363629708,1202.4700127479923
qwen3,14b,2e-06,0.01,1200,40736.7,74.74402730375427,34.84848484848485,91.58453373768006,82.81218880701056,78.0739934711643,70.28313232835205,69.10436530627624,66.16666666666666,76.92307692307693,50.50018176227451,1243.5117842551874
qwen3,14b,2e-06,0.01,1400,47526.1,74.74402730375427,34.84848484848485,91.66034874905232,82.86197968532166,77.9651795429815,70.8449248067157,70.02359295558009,,74.19354838709677,50.28991638814758,1213.8881935038094
qwen3,14b,2e-06,0.01,1600,54315.6,74.82935153583618,34.84848484848485,90.67475360121304,82.8420633339972,78.29162132752992,70.61630323145096,68.88328523872215,59.16666666666666,69.35483870967742,50.53089919935866,1189.6384112347437
qwen3,14b,2e-06,0.01,1800,61105.0,74.9146757679181,35.35353535353536,89.46171341925702,82.82214698267278,77.85636561479869,70.85710803695494,65.9607064810259,55.03333333333333,71.20253164556962,51.054221580327805,1137.1801624554987
qwen3,14b,2e-06,0.01,2000,67894.5,75.0853242320819,34.34343434343434,90.44730856709629,82.79227245568612,78.23721436343853,70.90715349968266,66.8936754478118,58.56666666666666,73.07692307692307,51.552592943994654,1208.780808581004
qwen3,14b,2e-06,0.01,2031,68946.8,74.9146757679181,34.34343434343434,90.29567854435176,82.80223063134834,78.45484221980414,70.92317904018803,56.70332495556235,58.73333333333333,75.79617834394905,51.24122188933858,1183.7974966730744
qwen3,14b,2e-06,0.02,200,6745.7,71.67235494880546,37.37373737373738,91.12964366944657,82.27444732125075,79.4341675734494,65.07310730637204,78.32922201979636,71.8,84.0909090909091,51.98967999931552,1262.9352056165956
qwen3,14b,2e-06,0.02,400,13491.5,72.6962457337884,33.83838383838384,90.14404852160727,82.24457279426409,78.67247007616976,67.57260485247352,77.80965615677515,69.06666666666666,83.87096774193549,50.08925164527267,1242.2185997055155
qwen3,14b,2e-06,0.02,600,20237.2,73.29351535836177,34.84848484848485,89.53752843062927,82.34415455088627,78.67247007616976,68.4193126925267,77.35752248478481,65.63333333333333,80.12820512820514,45.43834613663522,1245.6029980393475
qwen3,14b,2e-06,0.02,800,26983.0,73.46416382252559,34.84848484848485,89.61334344200151,82.39394542919737,78.40043525571274,68.85642121857839,77.50740258070807,66.73333333333333,82.35294117647058,45.76601130434384,1226.0379855399294
qwen3,14b,2e-06,0.02,1000,33728.7,73.54948805460751,32.82828282828283,89.0068233510235,82.38398725353515,78.78128400435256,68.56411751804293,76.3808361813322,63.9,79.27631578947368,46.60377054465366,1230.129446368453
qwen3,14b,2e-06,0.02,1200,40474.5,73.63481228668942,33.33333333333333,89.84078847611828,82.44373630750846,78.78128400435256,68.23286510356101,76.39956426725534,65.03333333333333,82.37179487179486,47.77088780515002,1232.2870272552602
qwen3,14b,2e-06,0.02,1400,47220.2,73.20819112627987,32.82828282828283,90.44730856709629,82.36407090221071,79.05331882480957,68.391300898556,75.61896878061323,63.7,81.04575163398692,45.613600902051054,1215.7483018399628
qwen3,14b,2e-06,0.02,1600,53966.0,73.63481228668942,33.33333333333333,90.97801364670204,82.41386178052181,78.89009793253537,68.46186750167581,74.31254626612942,64.1,83.11688311688312,47.34954527727072,1232.7921500882226
qwen3,14b,2e-06,0.02,1800,60711.7,73.72013651877133,33.83838383838384,91.50871872630782,82.54331806413066,79.05331882480957,68.38918222850016,76.13853464363444,66.13333333333333,82.25806451612904,47.41936913547752,1237.0890391194291
qwen3,14b,2e-06,0.02,2000,67457.5,73.72013651877133,33.33333333333333,91.12964366944657,82.5234017128062,78.89009793253537,68.27193096130443,75.95369176008546,63.8,81.75675675675676,46.47418619524632,1226.0805399985245
qwen3,14b,2e-06,0.02,2031,68503.0,73.63481228668942,32.323232323232325,91.28127369219104,82.40390360485958,78.99891186071817,68.24810686483707,87.43417465657788,63.56666666666666,81.4935064935065,43.9328190192256,1218.9296153046805
qwen3,14b,2e-06,0.04,200,6766.9,71.33105802047781,36.86868686868687,89.91660348749052,82.0354511053575,79.86942328618063,62.66031314413071,78.98243327703825,67.06666666666666,84.31372549019608,41.63881561658666,1232.1369250945113
qwen3,14b,2e-06,0.04,400,13533.7,71.75767918088737,36.36363636363637,92.26686884003033,82.07528380800638,79.379760609358,65.6170599362369,78.08442709787809,68.73333333333332,84.19354838709677,45.29769339644826,1228.2209002297473
qwen3,14b,2e-06,0.04,600,20300.6,72.44027303754265,35.858585858585855,91.81197877179682,82.29436367257519,79.27094668117519,66.2108515531398,77.62730665744668,62.6,78.57142857142857,40.32611219742387,1220.2914210552792
qwen3,14b,2e-06,0.04,800,27067.5,72.44027303754265,36.86868686868687,91.28127369219104,82.0852419836686,79.59738846572361,66.30475037021812,77.5186505139696,62.1,84.0909090909091,39.82303386357054,1186.5642071291136
qwen3,14b,2e-06,0.04,1000,33834.4,72.61092150170649,34.34343434343434,91.58453373768006,82.18482374029078,79.5429815016322,66.20627776427727,75.93745705838286,62.43333333333333,83.44155844155844,40.41979349387142,1176.2989837742546
qwen3,14b,2e-06,0.04,1200,40601.2,72.52559726962457,34.84848484848485,91.3570887035633,82.12507468631746,79.5429815016322,65.78686009544694,74.72096260145304,63.26666666666666,83.00653594771242,41.315019693686594,1220.5164955607358
qwen3,14b,2e-06,0.04,1400,47368.1,72.61092150170649,33.33333333333333,92.03942380591356,82.06532563234416,79.59738846572361,65.82782994985563,74.85710137989423,61.633333333333326,80.06535947712419,36.30786925522215,1206.410518523203
qwen3,14b,2e-06,0.04,1600,54135.0,72.44027303754265,33.83838383838384,92.19105382865808,82.194781915953,79.70620239390642,65.85017242461102,74.522378400422,61.133333333333326,79.08496732026144,38.35367401609003,1218.269051824103
qwen3,14b,2e-06,0.04,1800,60901.9,72.7815699658703,35.35353535353536,91.66034874905232,82.06532563234416,79.4341675734494,65.86706681120258,75.02570956174064,62.16666666666666,83.88157894736842,38.48376522174652,1210.7389630137332
qwen3,14b,2e-06,0.04,2000,67668.7,72.44027303754265,35.858585858585855,91.50871872630782,82.04540928101972,79.27094668117519,65.80753088336083,74.66101056308372,64.53333333333333,80.13245033112582,37.99413867992141,1194.3143852701498
qwen3,14b,2e-06,0.04,2031,68717.6,72.18430034129693,34.84848484848485,91.12964366944657,82.13503286197968,79.32535364526659,65.77956566709031,87.26556647473149,62.0,80.13245033112582,38.69315616639592,1205.6405181466396
qwen3,14b,4e-06,0.01,200,6759.6,74.06143344709898,36.36363636363637,90.5989385898408,82.25453096992631,77.14907508161045,69.22838828686973,79.03363076636658,70.76666666666667,86.45161290322581,53.84435021214591,1268.067294605859
qwen3,14b,4e-06,0.01,400,13519.1,73.97610921501706,31.818181818181817,91.2054586808188,83.04122684724159,76.93144722524482,70.14576076566854,77.99449904032411,66.73333333333333,83.55263157894737,52.67775550564079,1234.3726568238603
qwen3,14b,4e-06,0.01,600,20278.7,74.48805460750853,31.313131313131315,89.61334344200151,83.09101772555267,77.80195865070729,70.34960407528463,70.54066543438078,61.0,78.38709677419354,47.87182944137378,1181.4106955997036
qwen3,14b,4e-06,0.01,800,27038.3,74.14675767918088,32.82828282828283,90.06823351023503,83.11093407687711,77.9107725788901,70.56170889923486,78.1281444345448,56.96666666666666,85.57692307692307,49.77166125923343,1206.8047015724949
qwen3,14b,4e-06,0.01,1000,33797.8,74.65870307167235,34.34343434343434,90.21986353297952,83.39972117108145,78.23721436343853,69.37180742207988,75.02570956174061,52.4,75.64102564102564,48.35844724158959,1161.0533655857998
qwen3,14b,4e-06,0.01,1200,40557.4,74.74402730375427,33.33333333333333,88.77937831690674,83.38976299541923,78.29162132752992,68.73573101465561,73.68183087541057,60.66666666666666,79.73856209150327,51.04786460285587,1166.3530386661707
qwen3,14b,4e-06,0.01,1400,47316.9,74.40273037542661,34.34343434343434,89.31008339651251,83.23043218482374,79.4341675734494,69.83003721221456,70.57939600260642,58.73333333333333,76.92307692307693,47.73488059007879,1176.0833293861713
qwen3,14b,4e-06,0.01,1600,54076.5,74.74402730375427,32.82828282828283,90.5989385898408,83.2105158334993,78.89009793253537,70.03625986161886,68.70969028843469,56.2,68.70967741935485,49.9373313919572,1141.4307586107257
qwen3,14b,4e-06,0.01,1800,60836.1,75.17064846416382,32.82828282828283,89.68915845337376,83.34993029277037,78.99891186071817,70.14244841111764,69.86124593855415,58.3,76.45161290322581,49.92646995059295,1137.8352986626408
qwen3,14b,4e-06,0.01,2000,67595.6,74.74402730375427,33.83838383838384,88.77937831690674,83.2105158334993,79.21653971708379,70.10354664963225,70.27714242653936,58.29999999999999,69.93464052287581,48.24214290458097,1137.4225018012862
qwen3,14b,4e-06,0.01,2031,68643.4,74.74402730375427,33.33333333333333,89.15845337376801,83.22047400916152,79.05331882480957,70.25470256240713,67.54311892445378,56.96666666666667,70.19867549668875,49.44181710672655,1146.996579103214
qwen3,14b,4e-06,0.02,200,6763.9,72.61092150170649,37.37373737373738,91.43290371493556,82.13503286197968,78.23721436343853,68.20614091159041,78.72389703763791,72.9,83.55263157894737,50.02651444056646,1262.8113881719007
qwen3,14b,4e-06,0.02,400,13527.7,73.03754266211604,34.34343434343434,91.81197877179682,82.5234017128062,78.0739934711643,69.10138421804976,77.67351737833394,64.36666666666666,81.93548387096774,47.475786850881015,1253.2495135712395
qwen3,14b,4e-06,0.02,600,20291.6,73.29351535836177,31.313131313131315,90.5989385898408,82.73252340171281,78.45484221980414,69.35595460952572,72.28797368759336,63.6,81.4935064935065,43.98424766823857,1214.3353953083897
qwen3,14b,4e-06,0.02,800,27055.5,73.72013651877133,31.818181818181817,91.58453373768006,82.97151961760606,78.99891186071817,69.43575238209642,76.6693484399172,59.83333333333333,77.12418300653596,40.37266262694848,1191.380464298804
qwen3,14b,4e-06,0.02,1000,33819.3,73.29351535836177,33.83838383838384,90.97801364670204,83.04122684724159,79.5429815016322,68.65448364377991,73.4282814044513,58.66666666666666,76.79738562091504,38.141953993838754,1170.6275051553507
qwen3,14b,4e-06,0.02,1200,40583.2,73.37883959044369,33.33333333333333,88.55193328279,83.00139414459271,79.76060935799782,67.44698549412924,76.91164997761494,58.766666666666666,80.3225806451613,41.51820755170908,1210.246608380548
qwen3,14b,4e-06,0.02,1400,47347.1,72.6962457337884,34.34343434343434,89.68915845337376,82.9416450906194,79.76060935799782,68.36550720390674,76.92539129509701,59.2,76.79738562091504,40.96604304695355,1204.6550891575564
qwen3,14b,4e-06,0.02,1600,54110.9,73.12286689419795,34.34343434343434,90.5989385898408,83.02131049591715,79.97823721436343,68.30604536681828,74.21264467169333,60.69999999999999,79.80132450331125,41.51894138305647,1200.669154079235
qwen3,14b,4e-06,0.02,1800,60874.8,73.20819112627987,35.858585858585855,90.44730856709629,82.96156144194383,79.81501632208922,68.63984238116619,74.0053059216213,59.99999999999999,81.73076923076923,42.45768565338158,1203.0207913039526
qwen3,14b,4e-06,0.02,2000,67638.7,73.12286689419795,34.34343434343434,90.9021986353298,82.95160326628161,80.08705114254624,68.51859500783797,73.95660181651351,57.39999999999999,81.04575163398692,41.45652380929009,1210.9127160298924
qwen3,14b,4e-06,0.02,2031,68687.1,72.7815699658703,33.33333333333333,91.3570887035633,82.92172873929496,80.08705114254624,68.49500756948329,85.45331941470855,57.8,82.89473684210526,41.65865224814734,1200.205011191692
qwen3,14b,4e-06,0.04,200,6752.6,72.01365187713311,36.86868686868687,91.96360879454132,82.10515833499304,79.16213275299239,65.83854939314662,77.48867449478495,70.16666666666666,84.19354838709677,41.34468122376727,1208.473668784873
qwen3,14b,4e-06,0.04,400,13505.2,72.35494880546075,34.34343434343434,89.08263836239576,82.32423819956183,79.10772578890098,68.15405003572745,76.56318568066065,63.0,82.35294117647058,40.890709261611306,1210.448721480962
qwen3,14b,4e-06,0.04,600,20257.8,72.7815699658703,34.84848484848485,90.97801364670204,82.55327623979286,79.05331882480957,68.51860576393774,76.77800458339428,62.53333333333333,83.22580645161291,42.062341424054125,1206.152476253022
qwen3,14b,4e-06,0.04,800,27010.4,72.44027303754265,33.33333333333333,91.2054586808188,82.67277434773949,78.94450489662677,68.01165122734993,77.58358932077998,59.66666666666666,80.76923076923077,38.55900002855528,1192.37195918634
qwen3,14b,4e-06,0.04,1000,33763.0,72.86689419795222,32.323232323232325,91.43290371493556,82.90181238797052,78.99891186071817,67.51792411017776,77.61356533996462,58.39999999999999,82.25806451612904,35.87787965610731,1201.0516408646113
qwen3,14b,4e-06,0.04,1200,40515.6,72.61092150170649,34.34343434343434,90.06823351023503,82.65285799641505,79.379760609358,67.40524286733782,78.2118113272783,61.53333333333333,82.33333333333334,37.26224906285251,1203.997904085712
qwen3,14b,4e-06,0.04,1400,47268.2,72.35494880546075,31.313131313131315,90.52312357846851,82.30432184823741,79.4341675734494,67.38222137101974,76.91663674605603,62.43333333333333,79.6774193548387,35.00014110764524,1174.4415785097449
qwen3,14b,4e-06,0.04,1600,54020.8,72.09897610921502,31.313131313131315,86.8081880212282,82.30432184823741,79.5429815016322,67.60701317523589,77.67850414677501,61.33333333333333,79.6774193548387,38.09176107337787,1214.3065056907333
qwen3,14b,4e-06,0.04,1800,60773.4,72.6962457337884,32.323232323232325,89.68915845337376,82.38398725353515,79.379760609358,67.43353327544277,76.90040204435343,58.86666666666666,80.71895424836602,37.48281678700261,1204.352456920422
qwen3,14b,4e-06,0.04,2000,67526.0,72.44027303754265,31.818181818181817,89.76497346474602,82.42381995618403,79.4341675734494,67.26295919258129,78.25802204816554,60.96666666666667,82.89473684210526,37.21240214025923,1197.5060342881636
qwen3,14b,4e-06,0.04,2031,68572.7,72.44027303754265,31.818181818181817,89.38589840788475,82.44373630750846,79.76060935799782,67.33774453456762,86.5798858140844,60.1,79.22077922077922,37.59444732651304,1213.307825648678
llama,1b,1e-06,0.01,200,681.9,39.93174061433447,29.29292929292929,14.783927217589085,64.90738896634136,74.9727965179543,40.998700022819456,53.90441805520463,48.86666666666666,54.729729729729726,0.1372878957912619,553.0305458517039
llama,1b,1e-06,0.01,400,1363.8,39.50511945392491,26.767676767676768,14.329037149355573,65.55467038438559,75.24483133841132,41.41820479723065,53.48602818299888,48.99999999999999,60.273972602739725,0.1131698795527174,533.7001807674097
llama,1b,1e-06,0.01,600,2045.7,40.1877133105802,28.78787878787879,15.011372251705838,65.88329018123879,75.40805223068553,41.60120759470734,50.796996413959405,48.43333333333333,65.97222222222221,0.1008001979333833,585.7573569696945
llama,1b,1e-06,0.01,800,2727.6,39.93174061433447,26.262626262626267,15.08718726307809,66.07249551882094,75.24483133841132,41.59110729322996,50.53846017455905,47.766666666666666,63.85135135135135,0.1470578437701925,595.2012559700036
llama,1b,1e-06,0.01,1000,3409.5,39.67576791808874,26.767676767676768,15.99696739954511,66.25174268074089,75.24483133841132,41.698712421646064,50.42731064686144,50.4,61.11111111111112,0.098135247769127,608.9941537809457
llama,1b,1e-06,0.01,1200,4091.4,40.27303754266212,27.27272727272727,15.08718726307809,66.23182632941645,75.40805223068553,41.61672695345561,49.91273155228127,48.56666666666666,68.30985915492957,0.1652332741172629,595.2857102204274
llama,1b,1e-06,0.01,1400,4773.3,40.1877133105802,29.7979797979798,15.314632297194844,66.10237004580762,75.1360174102285,41.62040193129819,50.45102550122563,48.03333333333333,68.79432624113475,0.1505426752405772,559.776737451477
llama,1b,1e-06,0.01,1600,5455.2,39.84641638225256,28.28282828282828,15.390447308567095,66.18203545110536,75.40805223068553,41.619525017654944,50.03762239746096,47.96666666666666,67.73049645390071,0.1404751534203244,586.8077278422425
llama,1b,1e-06,0.01,1800,6137.1,40.01706484641638,28.28282828282828,15.845337376800606,66.14220274845648,75.1360174102285,41.63998088964041,50.383593310194726,52.73333333333333,64.90066225165563,0.1011341347001567,579.2950795238379
llama,1b,1e-06,0.01,2000,6819.0,40.1877133105802,28.28282828282828,15.238817285822591,66.20195180242979,75.0272034820457,41.61867183871502,49.01971214156217,49.66666666666666,72.6027397260274,0.0995022690228266,626.2670272605557
llama,1b,1e-06,0.01,2031,6924.7,39.84641638225256,27.77777777777778,15.693707354056102,66.14220274845648,75.1904243743199,41.592358023424126,49.58925650607056,46.56666666666666,65.49295774647888,0.1007825232402049,594.9710521014426
llama,1b,1e-06,0.02,200,684.5,39.67576791808874,27.77777777777778,14.404852160727824,65.02688707428798,75.0816104461371,41.07279401941888,54.633816052518426,50.03333333333333,51.70068027210885,0.1099237966791673,534.5776378056712
llama,1b,1e-06,0.02,400,1368.9,39.93174061433447,27.77777777777778,14.556482183472328,65.55467038438559,75.1904243743199,41.37336151996202,52.3919311870282,49.6,55.66666666666666,0.145517873177552,553.1682120874224
llama,1b,1e-06,0.02,600,2053.4,40.01706484641638,27.77777777777778,15.08718726307809,65.87333200557659,75.1904243743199,41.61998628812719,51.96478676578147,47.03333333333333,61.37931034482759,0.1516853643571129,594.4331581262692
llama,1b,1e-06,0.02,800,2737.9,40.1877133105802,27.77777777777778,15.5420773313116,66.06253734315874,75.0816104461371,41.574121313612245,51.60756791978617,49.2,67.46575342465754,0.1027144552402393,581.6244367059315
llama,1b,1e-06,0.02,1000,3422.3,40.1023890784983,28.28282828282828,15.693707354056102,66.17207727544314,75.1360174102285,41.65864029890461,50.617140298851496,49.43333333333334,68.02721088435374,0.1430058408579196,599.2806233422664
llama,1b,1e-06,0.02,1200,4106.8,40.1023890784983,28.28282828282828,14.935557240333583,66.06253734315874,74.9183895538629,41.69085551167073,50.64212954959507,48.06666666666666,60.40268456375839,0.1078583679511356,616.0519495908095
llama,1b,1e-06,0.02,1400,4791.3,39.84641638225256,28.78787878787879,15.011372251705838,66.19199362676757,75.24483133841132,41.7125451596272,51.34903168038583,48.7,65.95744680851064,0.0818823179688249,593.316628501055
llama,1b,1e-06,0.02,1600,5475.7,40.01706484641638,27.77777777777778,15.5420773313116,66.00278828918542,75.0272034820457,41.70012823655232,51.08301528832386,49.36666666666667,67.8082191780822,0.0846634164343703,597.3204470407798
llama,1b,1e-06,0.02,1800,6160.2,39.93174061433447,29.29292929292929,15.5420773313116,66.17207727544314,75.0272034820457,41.67793043254101,50.42980403108197,48.56666666666666,66.89655172413794,0.0541097012219433,622.0301667131849
llama,1b,1e-06,0.02,2000,6844.7,40.44368600682594,27.77777777777778,15.08718726307809,66.07249551882094,75.0816104461371,41.68944855775803,50.464766818707695,46.6,66.88741721854305,0.1393111664685868,583.2847974865101
llama,1b,1e-06,0.02,2031,6950.8,40.01706484641638,27.77777777777778,15.238817285822591,66.08245369448316,75.1904243743199,41.65658673121542,50.90814594165703,48.133333333333326,64.04109589041096,0.200072480885302,573.4047791392829
llama,1b,1e-06,0.04,200,683.9,39.93174061433447,28.28282828282828,14.025777103866568,64.91734714200359,75.0272034820457,41.109938396498144,54.20667163127169,50.03333333333333,59.539473684210535,0.0630718950608985,577.6927622334
llama,1b,1e-06,0.04,400,1367.7,39.84641638225256,27.77777777777778,14.859742228961334,65.4052977494523,75.0272034820457,41.3553637729018,52.78411282064921,49.86666666666666,60.06711409395973,0.0844961922716466,584.3518594713818
llama,1b,1e-06,0.04,600,2051.6,40.358361774744026,28.78787878787879,14.70811220621683,65.73391754630552,75.29923830250273,41.57721680205709,51.697495977340125,47.03333333333333,62.5,0.0962065592644899,581.204374691029
llama,1b,1e-06,0.04,800,2735.4,40.1023890784983,27.77777777777778,15.314632297194844,65.85341565425215,75.0272034820457,41.69924779405888,51.55138366201678,47.46666666666667,64.42953020134227,0.1195287801778149,586.3239043292643
llama,1b,1e-06,0.04,1000,3419.3,39.76109215017065,28.78787878787879,15.314632297194844,65.85341565425215,75.35364526659413,41.66640823328884,51.15670864417523,48.89999999999999,60.8843537414966,0.1657874877510418,545.0102954278643
llama,1b,1e-06,0.04,1200,4103.1,40.01706484641638,26.767676767676768,14.935557240333583,66.0426209918343,75.24483133841132,41.69416014607957,50.29117186842024,49.36666666666666,62.41379310344828,0.0543023441856881,595.2922470587031
llama,1b,1e-06,0.04,1400,4787.0,40.01706484641638,27.27272727272727,14.935557240333583,66.06253734315874,75.0272034820457,41.60035205094107,49.8040754088042,48.06666666666666,66.89655172413794,0.0980321986848345,592.2730002135352
llama,1b,1e-06,0.04,1600,5470.8,40.1877133105802,27.77777777777778,15.921152388172857,66.01274646484764,75.1360174102285,41.68230430034664,50.80575096300039,50.4,65.3061224489796,0.1593758201524787,588.1930552792691
llama,1b,1e-06,0.04,1800,6154.7,39.84641638225256,29.29292929292929,14.859742228961334,65.85341565425215,75.1904243743199,41.67129776754607,50.01390754309676,48.7,67.9054054054054,0.1021595948378447,586.6076575154682
llama,1b,1e-06,0.04,2000,6838.5,39.76109215017065,28.28282828282828,15.769522365428356,66.0426209918343,75.24483133841132,41.72077137291302,50.30740657012282,50.36666666666667,64.28571428571429,0.1447458723619988,587.168178646897
llama,1b,1e-06,0.04,2031,6944.5,39.76109215017065,27.77777777777778,15.390447308567095,66.0426209918343,75.0816104461371,41.73143112971404,51.52140764283213,49.5,59.72222222222222,0.1016614798868459,587.8013738680463
llama,1b,2e-06,0.01,200,682.9,39.93174061433447,26.262626262626267,14.556482183472328,65.70404301931886,75.24483133841132,41.53659760233892,50.72707083870797,47.9,61.40939597315436,0.0578699904666505,562.321801975151
llama,1b,2e-06,0.01,400,1365.7,40.52901023890784,29.29292929292929,15.769522365428356,67.09818761202948,75.1904243743199,42.51023956786579,47.03636351547228,51.73333333333333,67.62589928057554,0.2808254170252122,610.2492864789283
llama,1b,2e-06,0.01,600,2048.6,40.27303754266212,30.303030303030305,16.224412433661865,67.51643098984266,75.51686615886834,42.92249551142589,47.15000642739044,54.86666666666666,79.64285714285714,0.9204430717107752,626.18416090395
llama,1b,2e-06,0.01,800,2731.4,40.69965870307167,28.28282828282828,15.769522365428356,67.69567815176259,75.29923830250273,43.03342025977115,47.61588141686281,60.36666666666666,67.53731343283582,1.462506781542684,613.9191558732696
llama,1b,2e-06,0.01,1000,3414.3,41.12627986348123,27.27272727272727,16.603487490523122,67.70563632742481,75.51686615886834,43.03927819744317,47.17499567813401,58.766666666666666,72.10144927536231,1.1848720980398766,660.4289790425655
llama,1b,2e-06,0.01,1200,4097.2,40.95563139931741,28.78787878787879,16.52767247915087,67.68571997610037,75.29923830250273,43.18808681038649,46.38813902667146,59.96666666666666,68.61313868613139,1.1501058132100894,605.4448575662936
llama,1b,2e-06,0.01,1400,4780.0,41.12627986348123,29.29292929292929,16.67930250189538,67.72555267874925,75.40805223068553,43.15350818748689,46.61171247844608,59.93333333333333,71.22302158273382,0.9456890960550792,640.7486348206261
llama,1b,2e-06,0.01,1600,5462.9,40.870307167235495,29.7979797979798,17.134192570128885,67.69567815176259,75.46245919477693,43.184736767428255,47.17748906235455,59.23333333333333,71.69117647058823,1.3909619464146892,652.7349419610875
llama,1b,2e-06,0.01,1800,6145.7,40.870307167235495,30.80808080808081,17.058377558756636,67.61601274646485,75.51686615886834,43.13776590477701,45.13917516633643,60.0,67.73049645390071,1.375589461399331,653.8091151475126
llama,1b,2e-06,0.01,2000,6828.6,41.12627986348123,29.7979797979798,17.437452615617893,67.64588727345149,75.46245919477693,43.106591109545,47.65959875352952,59.16666666666666,67.3913043478261,1.2626065404701754,646.5841974627057
llama,1b,2e-06,0.01,2031,6934.5,40.52901023890784,29.7979797979798,16.603487490523122,67.60605457080263,75.68008705114254,43.12738559357928,48.6662610761668,59.83333333333333,71.12676056338029,1.5290467785066428,619.3866648873511
llama,1b,2e-06,0.02,200,684.0,39.84641638225256,27.77777777777778,14.859742228961334,65.76379207329217,75.51686615886834,41.46061367726785,52.7241607822799,49.633333333333326,61.37931034482759,0.193481215647778,589.8795671987012
llama,1b,2e-06,0.02,400,1368.0,40.44368600682594,28.28282828282828,16.83093252463988,66.74965146385182,75.57127312295974,42.46560093102545,47.627129350124335,52.43333333333333,68.38235294117648,0.3095804346409351,609.2857510680225
llama,1b,2e-06,0.02,600,2052.1,40.95563139931741,27.77777777777778,16.67930250189538,67.07827126070504,75.40805223068553,42.78526081032472,47.67832683945264,56.766666666666666,71.11111111111111,0.550776182700624,628.3762126308418
llama,1b,2e-06,0.02,800,2736.1,40.78498293515359,28.78787878787879,16.67930250189538,67.3770165305716,75.68008705114254,42.88805318887451,45.517615482475385,56.43333333333333,71.42857142857143,0.4523303125160228,602.9216204716218
llama,1b,2e-06,0.02,1000,3420.1,40.69965870307167,30.80808080808081,17.210007581501138,67.34714200358495,75.24483133841132,42.97287747946441,45.060495042044,57.56666666666666,76.83823529411765,0.4129211873836962,627.6926367124486
llama,1b,2e-06,0.02,1200,4104.1,40.69965870307167,29.29292929292929,17.058377558756636,67.25751842262497,75.29923830250273,42.89477233156574,46.45933899830228,58.0,75.35714285714286,0.5502937545789546,605.8715529976273
llama,1b,2e-06,0.02,1400,4788.1,40.69965870307167,28.78787878787879,16.83093252463988,67.32722565226051,75.35364526659413,42.9583447985804,48.12170596240198,57.66666666666666,75.0,0.4975246682001205,651.7283614815453
llama,1b,2e-06,0.02,1600,5472.2,40.69965870307167,28.78787878787879,16.90674753601213,67.40689105755825,75.57127312295974,42.96887209576275,48.08674317477626,57.86666666666666,71.07142857142857,0.6810355662339183,615.9040176943431
llama,1b,2e-06,0.02,1800,6156.2,40.870307167235495,28.78787878787879,16.982562547384383,67.38697470623381,75.78890097932536,42.99059061127115,47.112550255544186,57.79999999999999,72.79411764705883,0.5995224843721502,622.483635653865
llama,1b,2e-06,0.02,2000,6840.2,40.95563139931741,30.303030303030305,16.67930250189538,67.30730930093607,75.68008705114254,43.01075457092611,48.31530339499196,57.86666666666666,75.53956834532374,0.7191628913625615,598.9492068062552
llama,1b,2e-06,0.02,2031,6946.2,40.95563139931741,29.29292929292929,16.45185746777862,67.38697470623381,75.51686615886834,42.89530897385889,47.38981458086765,57.7,76.73611111111111,0.7461958511768789,583.679587392942
llama,1b,2e-06,0.04,200,683.4,39.76109215017065,27.27272727272727,14.859742228961334,65.8334993029277,75.57127312295974,41.495491576887176,51.05303926913921,48.96666666666667,59.93150684931506,0.1464403608443203,545.3797451585582
llama,1b,2e-06,0.04,400,1366.8,40.1023890784983,28.28282828282828,16.982562547384383,66.37124078868752,75.46245919477693,42.11605554794523,49.85028612969145,50.6,67.02127659574468,0.1837256198066757,623.2175734922323
llama,1b,2e-06,0.04,600,2050.1,40.69965870307167,28.78787878787879,16.67930250189538,66.57040430193189,75.1904243743199,42.38238251104168,49.13961621830077,55.86666666666666,65.10791366906474,0.3660038841084608,608.0173458334845
llama,1b,2e-06,0.04,800,2733.5,40.44368600682594,28.28282828282828,16.376042456406367,66.76956781517626,75.46245919477693,42.55954103001585,48.16043653062763,54.73333333333333,69.06474820143885,0.3818107003610769,618.884190868816
llama,1b,2e-06,0.04,1000,3416.9,40.1877133105802,30.303030303030305,17.437452615617893,66.91894045010955,75.78890097932536,42.604315102815605,47.08756100480059,56.8,69.71830985915493,0.3485879810739071,627.0791137358425
llama,1b,2e-06,0.04,1200,4100.3,40.69965870307167,26.767676767676768,17.437452615617893,66.86914957179845,75.35364526659413,42.67169878008374,47.89563912640682,56.53333333333333,69.93006993006993,0.5366584396922258,613.4351468633125
llama,1b,2e-06,0.04,1400,4783.7,40.27303754266212,28.28282828282828,16.755117513267628,66.90898227444733,75.51686615886834,42.694204046889936,46.20578952734301,55.3,68.97810218978103,0.5100535293372104,625.2709637818367
llama,1b,2e-06,0.04,1600,5467.1,40.1877133105802,29.7979797979798,16.982562547384383,66.8990240987851,75.51686615886834,42.66078391430421,47.25367580242646,56.9,71.47887323943662,0.5327908505090186,612.9246770900132
llama,1b,2e-06,0.04,1800,6150.4,40.52901023890784,29.29292929292929,16.982562547384383,66.91894045010955,75.35364526659413,42.63327575138577,49.36817643851647,55.56666666666666,67.5,0.3672895256681359,640.8601933239254
llama,1b,2e-06,0.04,2000,6833.8,40.78498293515359,28.28282828282828,16.90674753601213,66.87910774746067,75.46245919477693,42.67176208297288,48.216620788397016,55.83333333333333,68.92857142857143,0.5914051819399425,624.3435188212895
llama,1b,2e-06,0.04,2031,6939.7,40.61433447098976,28.78787878787879,16.300227445034114,66.87910774746067,75.51686615886834,42.65066191550277,47.72703094456043,56.56666666666666,69.36619718309859,0.5818259289027455,627.7208737275924
llama,1b,4e-06,0.01,200,683.2,40.61433447098976,27.77777777777778,15.314632297194844,67.27743477394941,75.1360174102285,42.63881192196557,45.95850122120418,49.633333333333326,65.57971014492753,0.5330239493297853,605.7364066640532
llama,1b,4e-06,0.01,400,1366.5,41.46757679180888,26.262626262626267,15.390447308567095,68.20354511053574,75.24483133841132,43.10718966673029,50.889417855733896,62.96666666666666,73.70370370370371,1.6230590614249882,637.3572938361219
llama,1b,4e-06,0.01,600,2049.7,42.06484641638225,25.252525252525253,14.63229719484458,68.35291774546903,74.8095756256801,43.31245324740231,52.12591479496624,61.13333333333333,72.3404255319149,2.1408159351000147,637.1161917161277
llama,1b,4e-06,0.01,800,2733.0,41.894197952218434,24.24242424242424,14.25322213798332,68.21350328619798,74.70076169749727,43.47689359710801,51.03181779899555,61.86666666666667,75.37878787878788,2.4696519024131525,628.6332349229373
llama,1b,4e-06,0.01,1000,3416.2,42.15017064846416,25.75757575757576,12.282031842304775,68.19358693487352,74.75516866158868,43.549084519690126,51.94855206407887,60.96666666666667,70.83333333333334,2.495765891988553,655.0712145323428
llama,1b,4e-06,0.01,1200,4099.5,42.15017064846416,23.737373737373737,13.798332069749812,68.20354511053574,74.59194776931447,43.51015987291385,51.52140764283213,61.1,74.28571428571429,2.625457707153694,624.0255905451943
llama,1b,4e-06,0.01,1400,4782.7,42.06484641638225,24.24242424242424,13.115996967399546,68.1736705835491,74.8095756256801,43.48110639935545,51.715005075422106,62.43333333333333,68.70503597122301,3.0302599241011663,632.4169486406265
llama,1b,4e-06,0.01,1600,5465.9,42.23549488054608,23.232323232323232,13.419257012888552,68.21350328619798,74.9727965179543,43.48093619859591,51.5189142586116,59.56666666666666,69.25925925925925,2.149527918852733,633.993067810897
llama,1b,4e-06,0.01,1800,6149.2,42.15017064846416,23.232323232323232,12.054586808188022,68.27325234017127,74.75516866158868,43.56062931668371,50.884431087292825,60.73333333333333,69.20289855072464,2.8895940377745912,641.5474349232115
llama,1b,4e-06,0.01,2000,6832.4,42.06484641638225,25.75757575757576,13.267626990144048,68.2832105158335,74.8095756256801,43.54314134141355,52.163370966812494,59.46666666666667,68.38235294117648,1.8122251141988803,644.7628055156804
llama,1b,4e-06,0.01,2031,6938.3,41.72354948805461,24.747474747474747,12.357846853677028,68.19358693487352,74.59194776931447,43.56177786060501,51.62757040208867,60.86666666666667,71.58273381294964,2.495657200525787,645.4392598931844
llama,1b,4e-06,0.02,200,682.7,40.52901023890784,26.767676767676768,16.755117513267628,66.94881497709619,75.62568008705114,42.51262726112263,45.13668178211589,54.0,63.12056737588653,0.4753790590090612,609.9969499209282
llama,1b,4e-06,0.02,400,1365.4,40.870307167235495,28.28282828282828,15.08718726307809,67.61601274646485,75.35364526659413,42.80992731110258,50.086326502568745,62.133333333333326,72.42647058823529,1.3218647770339558,640.0157558970905
llama,1b,4e-06,0.02,600,2048.1,41.382252559726965,27.27272727272727,14.101592115238818,67.92471619199362,75.0272034820457,42.92942783938799,53.15130520352665,61.66666666666666,70.71428571428572,1.5455254838558132,632.8862122303908
llama,1b,4e-06,0.02,800,2730.7,41.29692832764505,26.262626262626267,15.314632297194844,67.99442342162916,75.0272034820457,43.09998935169657,50.16628102324056,61.03333333333333,71.11111111111111,0.9449282348214136,648.4271869172779
llama,1b,4e-06,0.02,1000,3413.4,41.72354948805461,24.747474747474747,13.798332069749812,67.98446524596694,75.0816104461371,43.18305331079905,51.53514896031419,59.8,68.51851851851852,1.5717994323262268,646.208678354447
llama,1b,4e-06,0.02,1200,4096.1,41.72354948805461,24.747474747474747,13.191811978771796,67.89484166500696,74.8639825897715,43.08823882171089,49.72040851607069,57.96666666666667,68.75,1.680240098793499,649.7230574067341
llama,1b,4e-06,0.02,1400,4778.8,41.46757679180888,26.262626262626267,13.419257012888552,67.84505078669588,74.64635473340587,43.15678771578656,51.35279946098574,59.266666666666666,69.7841726618705,1.1276933155833846,605.4131942305615
llama,1b,4e-06,0.02,1600,5461.5,41.55290102389079,26.767676767676768,13.419257012888552,68.03425612427803,75.1904243743199,43.11096998101376,52.93149953235194,58.36666666666667,72.26277372262774,1.3707262518990102,611.2837768914194
llama,1b,4e-06,0.02,1800,6144.2,41.80887372013652,25.75757575757576,13.419257012888552,67.88488348934474,74.8639825897715,43.2609269257663,52.50186172688467,59.23333333333333,71.05263157894737,1.3254851790875997,613.3952476114205
llama,1b,4e-06,0.02,2000,6826.8,41.80887372013652,26.767676767676768,12.812736921910538,67.9147580163314,74.75516866158868,43.27382107968808,51.20918052988293,59.03333333333333,71.78571428571429,1.6292311568061164,640.0719990473942
llama,1b,4e-06,0.02,2031,6932.7,41.72354948805461,24.747474747474747,12.736921910538287,67.94463254331806,74.8095756256801,43.213788265846816,52.580541851177095,58.266666666666666,68.32061068702289,2.0969240088475973,640.2919704939325
llama,1b,4e-06,0.04,200,683.1,40.01706484641638,28.78787878787879,16.603487490523122,66.57040430193189,75.40805223068553,42.26276781878671,49.79033409132214,53.86666666666667,65.35714285714286,0.1527679952865498,579.624350190744
llama,1b,4e-06,0.04,400,1366.1,41.21160409556314,28.28282828282828,15.693707354056102,67.11810396335392,75.40805223068553,42.63093038577607,49.77409938961954,62.66666666666666,69.48529411764706,0.6408333598138046,587.8500948902501
llama,1b,4e-06,0.04,600,2049.2,41.21160409556314,29.29292929292929,15.390447308567095,67.31726747659829,75.46245919477693,42.75148754394596,51.39274901705253,61.46666666666667,69.6969696969697,0.8117858954807768,627.4548951022025
llama,1b,4e-06,0.04,800,2732.2,41.29692832764505,28.78787878787879,14.404852160727824,67.36705835490937,74.9727965179543,42.64242407300686,52.647974042208,59.46666666666667,74.63235294117648,0.8770280844929116,621.5706141541368
llama,1b,4e-06,0.04,1000,3415.3,41.21160409556314,28.28282828282828,15.011372251705838,67.38697470623381,74.8639825897715,42.71968045284731,51.548890277796254,59.1,76.2589928057554,1.1043855599407653,618.9200983750128
llama,1b,4e-06,0.04,1200,4098.3,40.95563139931741,26.262626262626267,15.5420773313116,67.31726747659829,75.1360174102285,42.64621729485463,53.070131695013664,59.133333333333326,72.90076335877863,1.0298289449884594,627.2631072440707
llama,1b,4e-06,0.04,1400,4781.4,40.78498293515359,27.77777777777778,14.101592115238818,67.34714200358495,75.24483133841132,42.79602573227681,52.11217347748418,58.3,72.22222222222221,0.9237644289786608,632.1339044726599
llama,1b,4e-06,0.04,1600,5464.5,41.21160409556314,26.767676767676768,14.859742228961334,67.27743477394941,75.0272034820457,42.80496954075503,53.38861997278333,58.2,67.02127659574468,0.8590936170613538,601.5732851903092
llama,1b,4e-06,0.04,1800,6147.5,41.04095563139932,26.767676767676768,14.783927217589085,67.4765982871938,74.8639825897715,42.750267956678336,52.13965611244831,58.53333333333333,70.28985507246377,0.849485203957176,605.4336289312301
llama,1b,4e-06,0.04,2000,6830.6,41.382252559726965,27.27272727272727,15.08718726307809,67.41684923322047,75.35364526659413,42.669215016893865,53.10010771419833,59.1,74.26470588235294,1.2044075065056137,637.4528795020319
llama,1b,4e-06,0.04,2031,6936.4,40.95563139931741,26.767676767676768,13.949962092494314,67.38697470623381,75.1904243743199,42.70756288785869,54.05806593172782,56.9,72.53521126760563,1.3017110066700233,637.6719228320101
llama,3b,1e-06,0.01,200,1423.3,53.66894197952219,25.75757575757576,45.86808188021228,76.95678151762597,77.42110990206747,40.922589990052366,72.70387017557857,51.766666666666666,65.3061224489796,0.6567845802051113,653.0728681265806
llama,3b,1e-06,0.01,400,2846.7,54.01023890784983,26.767676767676768,47.536012130401815,77.40489942242581,77.25788900979326,41.42206406804574,71.2887915176177,60.83333333333333,68.4931506849315,0.4080699200958093,674.6149533873156
llama,3b,1e-06,0.01,600,4270.0,53.839590443686006,25.252525252525253,47.15693707354056,77.62397928699463,77.20348204570186,41.60328914789759,72.72885942632216,59.03333333333333,73.44827586206897,0.7838476732580318,735.0815959295053
llama,3b,1e-06,0.01,800,5693.3,54.26621160409556,24.24242424242424,46.929492039423806,77.71360286795459,77.20348204570186,41.76509753248515,73.25341205778444,62.5,80.0,1.1998543972956297,729.1335376438146
llama,3b,1e-06,0.01,1000,7116.7,54.35153583617748,26.767676767676768,47.460197119029566,77.76339374626569,77.25788900979326,41.78202834781486,71.49613026768974,60.0,73.02158273381295,0.7542356593052395,734.3207359415012
llama,3b,1e-06,0.01,1200,8540.0,54.522184300341294,24.747474747474747,46.85367702805156,77.78331009759012,76.87704026115343,41.82048692988327,72.65267268625027,64.1,79.43262411347519,0.7996798825056096,772.1754206456743
llama,3b,1e-06,0.01,1400,9963.3,54.18088737201365,26.262626262626267,47.38438210765732,77.81318462457678,76.98585418933624,41.87885291132323,73.2921426260101,62.2,79.92700729927007,0.9654331463600202,746.0976105402533
llama,3b,1e-06,0.01,1600,11386.7,54.09556313993175,24.747474747474747,47.23275208491281,77.88289185421232,77.04026115342764,41.77890058493485,72.24674973514719,61.63333333333333,77.43055555555556,1.3922106757880144,740.7902931455078
llama,3b,1e-06,0.01,1800,12810.0,54.18088737201365,26.262626262626267,47.38438210765732,77.80322644891456,77.09466811751903,41.8448121298545,72.44034716773714,62.56666666666666,78.27586206896552,0.7994114453140853,762.9122197928073
llama,3b,1e-06,0.01,2000,14233.3,54.26621160409556,24.24242424242424,47.08112206216831,77.69368651663015,77.25788900979326,41.78132186463597,70.88663634711455,62.13333333333333,83.33333333333334,1.177653499406908,737.5042528371725
llama,3b,1e-06,0.01,2031,14453.9,54.26621160409556,24.24242424242424,46.929492039423806,77.78331009759012,76.98585418933624,41.78437167131655,72.50528597454753,61.23333333333333,79.43262411347519,1.1473470731916895,771.8440547053442
llama,3b,1e-06,0.02,200,1424.1,53.58361774744027,25.75757575757576,46.01971190295679,76.91694881497709,77.20348204570186,40.97097278915302,73.5119482971848,53.66666666666666,61.920529801324506,0.2704826987381926,651.477534522535
llama,3b,1e-06,0.02,400,2848.3,54.09556313993175,25.252525252525253,46.55041698256255,77.32523401712807,77.09466811751903,41.36865168910444,71.0927007008072,59.66666666666666,69.50354609929079,0.4765389483578556,694.0470437559068
llama,3b,1e-06,0.02,600,4272.4,54.522184300341294,27.27272727272727,46.474601971190296,77.47460665206134,77.04026115342764,41.57397934533583,73.41454008696924,58.633333333333326,75.35211267605634,0.4708723592793593,718.4770327655449
llama,3b,1e-06,0.02,800,5696.6,54.09556313993175,25.75757575757576,46.6262319939348,77.62397928699463,77.36670293797606,41.78745237870755,71.87955735226976,59.6,78.16901408450704,0.839185597743114,734.8445281580711
llama,3b,1e-06,0.02,1000,7120.7,54.18088737201365,25.252525252525253,46.929492039423806,77.65385381398127,77.31229597388466,41.7745527039478,72.32044309099855,58.73333333333333,74.46808510638297,1.0334733145664634,737.4536055846081
llama,3b,1e-06,0.02,1200,8544.9,54.60750853242321,26.262626262626267,46.70204700530705,77.823142800239,77.14907508161045,41.80866202718211,72.89248083972748,58.56666666666666,79.3103448275862,0.674960646692986,727.9582627805813
llama,3b,1e-06,0.02,1400,9969.0,54.35153583617748,24.747474747474747,46.929492039423806,77.73351921927902,76.87704026115343,41.82198848111816,72.29046707181391,61.69999999999999,78.125,0.6335550943165874,723.4551051750323
llama,3b,1e-06,0.02,1600,11393.2,53.92491467576792,26.767676767676768,47.30856709628507,77.65385381398127,77.09466811751903,41.77819878423347,72.96240641497891,62.16666666666666,76.92307692307693,0.9039318609053724,735.5934799678796
llama,3b,1e-06,0.02,1800,12817.3,53.92491467576792,26.262626262626267,46.70204700530705,77.66381198964349,77.09466811751903,41.80148618984994,71.95574409234166,61.13333333333333,78.125,0.8276538909450737,757.192358043021
llama,3b,1e-06,0.02,2000,14241.5,54.35153583617748,26.262626262626267,46.55041698256255,77.73351921927902,76.93144722524482,41.85563791811362,70.93284706800179,60.16666666666666,74.64788732394366,1.1509848611360012,732.9618346914367
llama,3b,1e-06,0.02,2031,14462.2,54.09556313993175,24.747474747474747,47.23275208491281,77.7733519219279,77.09466811751903,41.84959799688336,71.21886594236626,60.2,76.24113475177306,0.8964405536046741,765.9248110596734
llama,3b,1e-06,0.04,200,1424.4,53.412969283276446,24.747474747474747,45.79226686884003,76.96673969328819,77.47551686615887,41.01712040803695,72.7388329632043,55.266666666666666,57.615894039735096,0.4896270690637102,648.1425548897384
llama,3b,1e-06,0.04,400,2848.8,54.01023890784983,24.24242424242424,47.005307050796056,77.35510854411471,76.82263329706203,41.41580273465839,70.57064145356543,60.66666666666666,71.98581560283688,0.4105787655074604,671.2538703363655
llama,3b,1e-06,0.04,600,4273.2,53.92491467576792,25.75757575757576,47.61182714177407,77.40489942242581,77.20348204570186,41.61061056715943,71.7134425546439,58.53333333333333,71.32867132867133,0.6265577488121904,691.9678877905025
llama,3b,1e-06,0.04,800,5697.6,54.01023890784983,25.75757575757576,47.15693707354056,77.60406293567019,77.14907508161045,41.65656227878344,70.09479292721092,60.93333333333333,77.77777777777779,0.8943016097573102,738.0467653718337
llama,3b,1e-06,0.04,1000,7122.0,54.18088737201365,26.262626262626267,47.08112206216831,77.5542720573591,77.25788900979326,41.72181173385192,71.90703998723387,62.56666666666666,78.01418439716312,0.7165276488134761,709.4867461213778
llama,3b,1e-06,0.04,1200,8546.4,54.18088737201365,25.252525252525253,47.83927217589083,77.64389563831907,77.20348204570186,41.738774892240905,71.57231700776163,60.93333333333332,76.64233576642336,0.7892154251606411,717.0805719965629
llama,3b,1e-06,0.04,1400,9970.8,54.26621160409556,26.767676767676768,47.005307050796056,77.62397928699463,77.09466811751903,41.70863467164962,71.99696804478782,60.1,77.30496453900709,0.4185881440136343,731.9507792735467
llama,3b,1e-06,0.04,1600,11395.3,54.09556313993175,25.252525252525253,48.21834723275209,77.61402111133239,77.14907508161045,41.71703834775366,71.48238895020768,60.1,78.01418439716312,0.7674202532546135,711.5665930054306
llama,3b,1e-06,0.04,1800,12819.7,54.09556313993175,26.262626262626267,47.08112206216831,77.60406293567019,76.93144722524482,41.76197421152765,72.45907525366029,60.73333333333333,69.8581560283688,0.8835705498536572,732.8774738708355
llama,3b,1e-06,0.04,2000,14244.1,54.18088737201365,24.747474747474747,48.14253222137984,77.61402111133239,76.98585418933624,41.782468479100245,72.82128086809665,60.53333333333333,78.47222222222221,0.7033262819025909,742.842443854088
llama,3b,1e-06,0.04,2031,14464.9,54.35153583617748,26.262626262626267,48.29416224412434,77.58414658434575,77.04026115342764,41.76128777820966,70.56565468512436,59.33333333333333,77.6595744680851,0.5037707555921128,711.9417719102806
llama,3b,2e-06,0.01,200,1421.2,53.92491467576792,26.767676767676768,47.83927217589083,77.64389563831907,77.09466811751903,41.497804056207485,72.42909923447563,60.23333333333333,70.0,0.6067800998746146,722.1064059195885
llama,3b,2e-06,0.01,400,2842.4,55.11945392491467,25.252525252525253,48.21834723275209,78.50029874526987,77.09466811751903,43.35759304295122,67.49319583150485,74.69999999999999,86.07142857142858,3.581083449268037,855.8686358184392
llama,3b,2e-06,0.01,600,4263.6,55.88737201365189,24.24242424242424,48.21834723275209,78.73929496116313,77.14907508161045,43.92916090954671,65.99943704925154,73.36666666666666,87.13235294117648,4.375589802477466,875.3772437287846
llama,3b,2e-06,0.01,800,5684.8,55.88737201365189,26.262626262626267,47.83927217589083,78.80900219079865,77.04026115342764,44.08647340808285,66.5214962964933,75.6,87.14285714285714,4.639382516819706,889.4368850430652
llama,3b,2e-06,0.01,1000,7106.0,55.88737201365189,26.262626262626267,48.52160727824109,78.97829117705636,76.76822633297063,44.14597846001119,65.75962889577433,75.36666666666667,85.35714285714285,4.809718662939668,897.0431483787497
llama,3b,2e-06,0.01,1200,8527.2,55.71672354948806,25.75757575757576,48.29416224412434,78.87870942043418,76.82263329706203,44.04403765171161,64.64929719810104,75.86666666666666,86.20689655172413,4.434288002291858,926.454040738994
llama,3b,2e-06,0.01,1400,9948.4,56.31399317406144,25.252525252525253,48.369977255496586,78.90858394742082,76.87704026115343,44.110102969855454,65.30250845534293,76.4,85.29411764705883,4.526679386797965,899.4501997394609
llama,3b,2e-06,0.01,1600,11369.6,55.80204778156996,25.75757575757576,47.536012130401815,78.91854212308304,77.36670293797606,44.13798253056908,66.29293607627761,77.0,88.48920863309353,5.120069158372316,895.004066811444
llama,3b,2e-06,0.01,1800,12790.7,55.972696245733786,25.252525252525253,48.824867323730096,78.86875124477196,77.04026115342764,44.07892727514439,65.59351409814846,75.76666666666667,84.85915492957746,5.013576881539236,887.5377792558186
llama,3b,2e-06,0.01,2000,14211.9,56.058020477815695,24.747474747474747,48.59742228961335,78.96833300139414,76.98585418933624,43.99521648474355,65.13639365771708,76.23333333333332,89.85507246376811,4.67075759962742,880.9530603517305
llama,3b,2e-06,0.01,2031,14432.2,56.058020477815695,25.252525252525253,48.9764973464746,78.89862577175862,77.20348204570186,44.05194157707269,66.04814115435931,76.73333333333333,85.97122302158273,4.703660812281082,907.1099605781408
llama,3b,2e-06,0.02,200,1421.7,54.18088737201365,24.747474747474747,46.6262319939348,77.53435570603465,77.20348204570186,41.5309883413978,71.4686476327256,60.96666666666666,70.50359712230215,0.4190205103803351,715.6892266554561
llama,3b,2e-06,0.02,400,2843.5,55.11945392491467,26.262626262626267,48.29416224412434,78.28121888070105,77.09466811751903,43.01386800078031,69.07438928709158,69.66666666666666,85.61151079136691,2.5708592877865364,817.7392030372122
llama,3b,2e-06,0.02,600,4265.2,55.54607508532423,25.75757575757576,48.59742228961335,78.42063333997211,76.93144722524482,43.73307525813754,68.77712247946559,72.69999999999999,83.33333333333334,3.599835288805517,898.3597175078021
llama,3b,2e-06,0.02,800,5686.9,55.972696245733786,22.727272727272727,49.05231235784686,78.58992232622984,77.14907508161045,43.95739213852615,67.89036423356694,73.83333333333333,81.72413793103448,3.2604624645364955,886.5862343178762
llama,3b,2e-06,0.02,1000,7108.7,56.058020477815695,24.24242424242424,49.35557240333586,78.64967138020315,77.20348204570186,43.89169832260458,68.52983417332676,73.36666666666666,87.41258741258741,3.760270330122672,876.9239038708841
llama,3b,2e-06,0.02,1200,8530.4,55.71672354948806,25.252525252525253,48.74905231235785,78.65962955586537,77.14907508161045,44.02229490658595,68.48611683666006,71.5,83.09352517985612,3.84142939986985,879.7892520417711
llama,3b,2e-06,0.02,1400,9952.1,56.22866894197952,24.747474747474747,48.44579226686884,78.6297550288787,77.20348204570186,44.05281429585082,67.58561727327934,74.46666666666667,84.35374149659864,4.640743477461351,854.1725212179517
llama,3b,2e-06,0.02,1600,11373.8,55.88737201365189,24.747474747474747,49.20394238059136,78.60983867755427,76.93144722524482,43.99203127298252,68.24132191474177,72.39999999999999,85.5072463768116,3.0089230659252872,872.8573653634134
llama,3b,2e-06,0.02,1800,12795.6,56.058020477815695,24.24242424242424,48.90068233510235,78.53017327225652,77.36670293797606,43.994120171605495,68.86455715279902,74.39999999999999,89.47368421052632,4.467964383037632,866.3840655298842
llama,3b,2e-06,0.02,2000,14217.3,55.972696245733786,25.75757575757576,48.824867323730096,78.60983867755427,77.31229597388466,44.02636461701921,67.68053209927436,72.26666666666667,84.61538461538461,4.006850464082455,865.8324350679544
llama,3b,2e-06,0.02,2031,14437.7,55.88737201365189,24.747474747474747,49.58301743745261,78.56004779924318,77.09466811751903,44.03900445218048,67.13974476610949,72.63333333333333,86.07142857142858,3.42817377319691,856.4758395191399
llama,3b,2e-06,0.04,200,1422.0,54.01023890784983,24.24242424242424,46.24715693707354,77.52439753037244,76.98585418933624,41.53055744200407,71.18013537414062,57.266666666666666,70.94594594594594,0.452618496552577,722.1118916923384
llama,3b,2e-06,0.04,400,2844.1,54.69283276450512,23.737373737373737,48.824867323730096,77.89285002987452,77.25788900979326,42.682744430835896,69.28920818982522,66.6,82.14285714285714,1.240023550936435,804.2442495027582
llama,3b,2e-06,0.04,600,4266.1,55.11945392491467,24.24242424242424,48.9764973464746,78.31109340768772,77.09466811751903,43.29796562324819,70.42951590668316,68.06666666666666,84.35374149659864,1.8502008623303807,822.7737095482513
llama,3b,2e-06,0.04,800,5688.1,55.37542662116041,24.747474747474747,49.50720242608037,78.22146982672774,76.98585418933624,43.495681831560645,69.85498477373369,71.16666666666666,85.46099290780141,2.2631373251409603,823.1204611704732
llama,3b,2e-06,0.04,1000,7110.2,55.46075085324232,23.737373737373737,48.824867323730096,78.34096793467437,77.04026115342764,43.65574693351112,69.98863016795435,71.7,85.66433566433567,2.77244242661871,800.4454749044335
llama,3b,2e-06,0.04,1200,8532.2,55.46075085324232,25.252525252525253,48.6732373009856,78.27126070503884,77.04026115342764,43.61611063382895,70.34208123334975,68.46666666666667,84.15492957746478,1.9930669045979368,845.9985950189778
llama,3b,2e-06,0.04,1400,9954.2,55.11945392491467,25.75757575757576,49.05231235784686,78.24138617805218,76.98585418933624,43.62994444879267,69.80877405284646,70.56666666666666,85.61151079136691,2.7308693146096585,862.908385655568
llama,3b,2e-06,0.04,1600,11376.2,55.46075085324232,26.262626262626267,48.9764973464746,78.23142800238996,77.04026115342764,43.65862856953071,69.79503273536439,70.53333333333333,88.46153846153845,3.036628803839513,811.8644354285433
llama,3b,2e-06,0.04,1800,12798.3,55.631399317406135,25.252525252525253,49.27975739196361,78.29117705636327,77.04026115342764,43.65741510663791,70.05107559054422,71.16666666666666,84.64285714285714,1.9634788069379303,829.705790665014
llama,3b,2e-06,0.04,2000,14220.3,55.71672354948806,24.747474747474747,48.44579226686884,78.3011352320255,77.04026115342764,43.60552896353295,70.89162311555562,67.7,85.61151079136691,2.318756758490602,821.8120738279791
llama,3b,2e-06,0.04,2031,14440.7,55.37542662116041,24.747474747474747,48.52160727824109,78.3608842859988,77.04026115342764,43.53080649771102,69.74882201447714,72.0,82.08955223880598,2.4131205688472304,858.2921627066862
llama,3b,4e-06,0.01,200,1421.7,55.631399317406135,25.252525252525253,48.21834723275209,78.77912766381199,76.98585418933624,43.87935547980874,66.68511770989862,73.5,85.0,3.9580984305720297,949.859521245776
llama,3b,4e-06,0.01,400,2843.4,56.31399317406144,28.28282828282828,49.35557240333586,79.48615813582953,77.31229597388466,44.27624043312714,68.27129793392643,76.26666666666667,88.57142857142857,5.856930027924593,923.52582049251
llama,3b,4e-06,0.01,600,4265.1,56.8259385665529,27.77777777777778,49.12812736921911,79.49611631149173,77.58433079434167,44.51666151639883,68.28503925140849,75.46666666666667,85.66433566433567,5.246207837899767,897.947267243156
llama,3b,4e-06,0.01,800,5686.8,56.74061433447098,27.27272727272727,48.6732373009856,79.53594901414061,77.74755168661589,44.36845325594769,66.56521363316001,77.43333333333332,85.46099290780141,6.199673715681268,901.361183033944
llama,3b,4e-06,0.01,1000,7108.5,57.08191126279864,27.77777777777778,48.90068233510235,79.61561441943836,77.52992383025027,44.47259102587367,68.43741273155229,73.89999999999999,82.97101449275362,5.759733291535343,899.2589394842964
llama,3b,4e-06,0.01,1200,8530.2,57.25255972696246,26.767676767676768,49.35557240333586,79.54590718980283,77.52992383025027,44.36116922852851,66.39909883553416,74.93333333333334,83.21167883211679,6.599299991963455,912.7620162578326
llama,3b,4e-06,0.01,1400,9951.9,56.91126279863481,28.78787878787879,49.50720242608037,79.53594901414061,77.47551686615887,44.26454315214233,67.41950247565349,73.93333333333334,87.59124087591242,5.869963724375988,930.3712992725336
llama,3b,4e-06,0.01,1600,11373.6,56.996587030716725,27.77777777777778,49.58301743745261,79.67536347341168,77.63873775843308,44.259321057447806,67.8279188109771,73.1,84.39716312056737,5.97428857655734,896.075104901428
llama,3b,4e-06,0.01,1800,12795.4,57.08191126279864,27.27272727272727,49.27975739196361,79.61561441943836,77.9107725788901,44.258097933830186,67.7592122235668,75.36666666666667,83.45070422535211,5.752464566918873,938.6217260113096
llama,3b,4e-06,0.01,2000,14217.1,57.16723549488054,27.27272727272727,48.74905231235785,79.75502887870942,77.74755168661589,44.286473043660905,67.10976874692483,75.16666666666666,83.92857142857143,5.750401753299092,877.0697161917396
llama,3b,4e-06,0.01,2031,14437.4,57.25255972696246,28.28282828282828,49.27975739196361,79.60565624377614,77.9107725788901,44.27093992540606,67.99902037704402,73.93333333333332,84.05797101449275,7.152872015615931,879.6258478598817
llama,3b,4e-06,0.02,200,1422.2,55.37542662116041,24.747474747474747,48.29416224412434,78.42063333997211,77.31229597388466,43.41538442787937,68.87580508606055,72.63333333333333,85.5072463768116,2.5693792188122906,865.0395110690018
llama,3b,4e-06,0.02,400,2844.4,56.39931740614335,26.262626262626267,47.91508718726308,79.18741286596295,77.14907508161045,44.32966866090573,67.13099021706849,73.49999999999999,84.53237410071942,5.287093211937279,904.9106665245166
llama,3b,4e-06,0.02,600,4266.6,56.22866894197952,27.77777777777778,48.44579226686884,79.13762198765187,77.31229597388466,44.62290096276554,68.37995407740351,74.29999999999998,86.36363636363636,5.022253513190402,888.4913278516397
llama,3b,4e-06,0.02,800,5688.9,57.08191126279864,27.27272727272727,48.52160727824109,79.17745469030073,77.9107725788901,44.74326706515933,68.91824802634787,74.66666666666666,86.17021276595744,4.703678330171802,867.0658869876904
llama,3b,4e-06,0.02,1000,7111.1,57.25255972696246,26.767676767676768,48.824867323730096,79.27703644692292,77.58433079434167,44.808404976329165,69.10685869049678,73.46666666666667,84.55882352941177,5.788307922830407,918.2690560231551
llama,3b,4e-06,0.02,1200,8533.3,57.16723549488054,28.28282828282828,46.85367702805156,79.3168691495718,77.80195865070729,44.68460511829913,69.97738223469284,75.33333333333333,81.71641791044776,4.910137000222066,882.3538100673883
llama,3b,4e-06,0.02,1400,9955.5,56.8259385665529,27.77777777777778,48.14253222137984,79.2670782712607,77.6931447225245,44.69101755085541,68.95947197879404,72.96666666666667,83.57664233576642,5.593563724602239,885.8685088549521
llama,3b,4e-06,0.02,1600,11377.7,57.08191126279864,27.27272727272727,47.76345716451858,79.3168691495718,77.80195865070729,44.67960612946436,69.04690665212748,74.16666666666666,78.16901408450704,5.369089162908254,879.4971906326889
llama,3b,4e-06,0.02,1800,12799.9,56.996587030716725,28.28282828282828,47.76345716451858,79.30691097390958,77.6931447225245,44.60792723861101,70.63308687615528,74.33333333333333,83.69565217391305,4.573777243583213,881.5656033866117
llama,3b,4e-06,0.02,2000,14222.2,56.996587030716725,27.27272727272727,47.38438210765732,79.38657637920733,77.74755168661589,44.6565512575292,69.29419495826629,73.89999999999999,84.55882352941177,5.026635238651778,878.3384221535977
llama,3b,4e-06,0.02,2031,14442.6,56.655290102389074,27.27272727272727,47.76345716451858,79.2670782712607,77.80195865070729,44.72555241751628,69.85249138951316,75.03333333333333,83.69565217391305,5.986115074044516,872.8684861922754
llama,3b,4e-06,0.04,200,1421.6,54.94880546075085,25.75757575757576,48.369977255496586,78.10197171878112,77.20348204570186,42.929850669965184,71.54483437279751,66.9,84.64285714285714,1.502048866787108,796.5413723877525
llama,3b,4e-06,0.04,400,2843.2,56.058020477815695,23.737373737373737,47.23275208491281,78.69946225851425,77.31229597388466,44.01143777087237,71.06898584644298,71.63333333333333,87.76978417266187,3.822521278594431,837.5899179449225
llama,3b,4e-06,0.04,600,4264.9,56.31399317406144,23.737373737373737,48.29416224412434,78.85879306910974,77.31229597388466,44.593212992469496,69.06563473805059,72.4,82.3943661971831,3.9459382018570426,841.9051683023974
llama,3b,4e-06,0.04,800,5686.5,56.56996587030717,26.767676767676768,48.06671721000758,78.86875124477196,77.58433079434167,44.6638157939703,71.01152719229424,70.66666666666666,81.33802816901408,3.8504325099987,841.8817094998437
llama,3b,4e-06,0.04,1000,7108.1,56.655290102389074,27.27272727272727,47.536012130401815,79.00816570404302,77.31229597388466,44.72314667674784,69.84124345625162,73.43333333333332,84.89208633093526,3.168635952389728,838.1771262177926
llama,3b,4e-06,0.04,1200,8529.7,56.655290102389074,25.75757575757576,48.06671721000758,78.97829117705636,77.31229597388466,44.63510656424078,71.2975460666587,70.9,83.57664233576642,3.633281842691008,858.4881141269955
llama,3b,4e-06,0.04,1400,9951.3,56.655290102389074,27.77777777777778,47.83927217589083,78.89862577175862,77.31229597388466,44.7602165958505,71.19138330740213,71.96666666666665,83.57142857142857,3.103817028230432,845.7462225037273
llama,3b,4e-06,0.04,1600,11373.0,56.22866894197952,26.262626262626267,48.21834723275209,78.9384584744075,77.36670293797606,44.772641367738245,72.1980456300394,70.03333333333333,84.78260869565217,3.525719034719077,858.6939861241851
llama,3b,4e-06,0.04,1800,12794.6,56.484641638225256,27.77777777777778,47.76345716451858,79.09778928500299,77.36670293797606,44.6959387784199,71.88831190131074,71.46666666666665,85.76642335766424,4.337648968318904,849.0328312337484
llama,3b,4e-06,0.04,2000,14216.2,56.74061433447098,24.747474747474747,47.30856709628507,79.00816570404302,77.58433079434167,44.85255189952444,69.91244342788247,70.76666666666665,82.2463768115942,3.408922542751643,838.3188700281019
llama,3b,4e-06,0.04,2031,14436.5,56.655290102389074,26.262626262626267,48.59742228961335,79.00816570404302,77.47551686615887,44.70900097766612,70.67431082860145,70.3,79.22535211267606,3.966933922725093,842.4672947032238
llama,8b,1e-06,0.01,200,3730.0,54.69283276450512,24.747474747474747,76.64897649734648,77.57418840868353,76.16974972796517,49.4237485551409,81.40168087341587,69.06666666666666,80.20134228187919,33.44084832044831,1033.0817845335282
llama,8b,1e-06,0.01,400,7460.0,56.22866894197952,27.27272727272727,76.87642153146324,78.12188807010556,75.1904243743199,53.22217350473697,81.05072319224104,73.33333333333333,85.41666666666666,39.73241091970348,1074.040227513617
llama,8b,1e-06,0.01,600,11190.0,55.54607508532423,29.29292929292929,74.67778620166793,78.14180442143,74.9183895538629,56.02435784453648,82.56321006041748,66.83333333333333,82.45033112582782,41.83289065768091,1026.079009747844
llama,8b,1e-06,0.01,800,14920.1,56.14334470989761,28.28282828282828,76.80060652009098,78.33100975901215,75.35364526659413,56.77874031608388,82.86546363648452,47.4,77.89115646258503,36.38812151985562,960.5307723495564
llama,8b,1e-06,0.01,1000,18650.1,56.8259385665529,27.27272727272727,75.9666413949962,78.45050786695877,74.9727965179543,57.41296801405361,81.2518007774926,38.03333333333333,76.05633802816901,36.283910750656894,869.8721716015604
llama,8b,1e-06,0.01,1200,22380.1,56.91126279863481,26.262626262626267,73.08567096285064,78.43059151563435,74.9727965179543,57.651083419070105,81.37170485423123,32.7,70.0,37.98839093713947,829.8712163447057
llama,8b,1e-06,0.01,1400,26110.1,57.08191126279864,26.767676767676768,72.25170583775588,78.5700059749054,75.1904243743199,58.11686206836939,80.35379459833243,25.03333333333333,60.83916083916085,36.6538938599604,799.1687110556195
llama,8b,1e-06,0.01,1600,29840.1,57.5938566552901,26.767676767676768,74.52615617892343,78.54013144791874,75.1904243743199,58.40837122109739,81.77136664051383,22.366666666666667,60.0,35.79039629983235,793.3065780793434
llama,8b,1e-06,0.01,1800,33570.1,57.25255972696246,26.767676767676768,73.38893100833965,78.57996415056762,74.8639825897715,58.43820764143166,80.26137315655794,23.866666666666664,66.19718309859155,36.39200012991375,802.7000981861391
llama,8b,1e-06,0.01,2000,37300.2,57.5938566552901,25.75757575757576,73.1614859742229,78.6297550288787,75.1360174102285,58.5022934002486,81.66271049703676,23.666666666666664,62.58503401360544,34.52282567229726,771.5017828934872
llama,8b,1e-06,0.01,2031,37878.3,57.25255972696246,25.252525252525253,74.37452615617892,78.60983867755427,74.8639825897715,58.53764445294125,81.26554209497468,21.7,64.52702702702703,35.517804002458654,783.0521027162197
llama,8b,1e-06,0.02,200,3740.2,54.69283276450512,23.232323232323232,75.8150113722517,77.56423023302132,76.22415669205658,48.83358167793481,81.49160893096983,71.03333333333333,78.81944444444444,29.941709478340016,1034.7904879013672
llama,8b,1e-06,0.02,400,7480.3,55.631399317406135,26.262626262626267,77.48294162244125,77.88289185421232,75.29923830250273,52.195537799328186,80.85213899120998,69.73333333333333,80.13245033112582,32.63422294921504,1025.0042863554445
llama,8b,1e-06,0.02,600,11220.5,55.54607508532423,28.78787878787879,78.31690674753601,78.01234813782115,75.35364526659413,54.13234088322518,83.4911922587623,66.8,78.76712328767124,32.24098296835003,1011.844709442278
llama,8b,1e-06,0.02,800,14960.7,55.631399317406135,26.262626262626267,77.8620166793025,78.2513443537144,75.0816104461371,54.98360695428053,84.46289179377385,65.5,85.51724137931035,32.08077552836631,966.9823783034352
llama,8b,1e-06,0.02,1000,18700.8,56.058020477815695,25.252525252525253,76.80060652009098,78.40071698864767,75.73449401523395,54.99777856372561,83.16771721255158,64.36666666666666,79.3918918918919,31.05351975676468,967.3772018478634
llama,8b,1e-06,0.02,1200,22441.0,56.484641638225256,27.27272727272727,75.89082638362396,78.16172077275442,75.51686615886834,54.88290436048801,84.111934112599,64.1,81.87919463087249,28.04743399519825,963.843590677362
llama,8b,1e-06,0.02,1400,26181.2,56.91126279863481,25.252525252525253,75.2084912812737,78.24138617805218,75.1360174102285,55.49488087664096,85.63566891403698,62.6,83.33333333333334,28.653052193144,984.7072139492352
llama,8b,1e-06,0.02,1600,29921.3,56.56996587030717,26.262626262626267,76.49734647460197,78.29117705636327,75.46245919477693,55.71692499533742,84.67521731228696,64.93333333333334,83.6734693877551,30.339597002957724,973.5658197686338
llama,8b,1e-06,0.02,1800,33661.5,56.56996587030717,27.27272727272727,76.11827141774071,78.33100975901215,75.29923830250273,55.613849415195645,85.74432505751406,66.46666666666667,83.1081081081081,31.019908777641,963.7023080907333
llama,8b,1e-06,0.02,2000,37401.7,56.91126279863481,28.28282828282828,75.73919636087946,78.29117705636327,75.24483133841132,55.57137794637145,85.37713267463663,61.33333333333333,82.5503355704698,28.262940668866044,927.7909965806032
llama,8b,1e-06,0.02,2031,37981.4,56.74061433447098,27.27272727272727,75.8150113722517,78.23142800238996,75.24483133841132,55.536708450746,84.21809687185558,64.66666666666666,82.41379310344827,31.670830973611725,987.5652053150764
llama,8b,1e-06,0.04,200,3744.2,54.69283276450512,22.727272727272727,74.52615617892343,77.0762796255726,75.95212187159956,47.77880520151269,82.10359623576554,65.69999999999999,79.3918918918919,24.18259961823616,993.8573232942966
llama,8b,1e-06,0.04,400,7488.4,56.56996587030717,25.252525252525253,76.95223654283548,77.83310097590122,75.78890097932536,51.515550819876566,82.90918097315124,69.53333333333333,84.7972972972973,27.42562505751944,1032.5686199271754
llama,8b,1e-06,0.04,600,11232.6,56.655290102389074,27.27272727272727,76.87642153146324,78.08205536745668,75.62568008705114,53.17470639665726,83.79344583482936,67.16666666666666,80.76923076923077,28.34373506163967,948.6201678180169
llama,8b,1e-06,0.04,800,14976.8,56.484641638225256,24.747474747474747,76.26990144048523,78.14180442143,75.57127312295974,54.12511765831373,85.058644396867,62.06666666666666,82.3943661971831,24.20849330074148,958.3470036235464
llama,8b,1e-06,0.04,1000,18721.0,56.996587030716725,24.747474747474747,76.95223654283548,77.92272455686118,75.62568008705114,54.01262570642078,86.48746437230992,62.7,80.90277777777779,24.34412927106621,978.465043570119
llama,8b,1e-06,0.04,1200,22465.2,56.996587030716725,26.262626262626267,76.72479150871872,77.99243178649672,75.78890097932536,53.60349876053691,85.31468725204678,62.66666666666666,83.21917808219177,24.038468596742607,1003.1752128137196
llama,8b,1e-06,0.04,1400,26209.4,56.91126279863481,27.27272727272727,77.40712661106899,77.90280820553674,75.57127312295974,53.71842069272525,85.94041587432457,63.56666666666666,77.51677852348993,23.20387180908573,958.7858971539412
llama,8b,1e-06,0.04,1600,29953.6,56.91126279863481,26.767676767676768,76.72479150871872,77.78331009759012,75.78890097932536,53.782070940880665,86.56614449660233,61.7,80.79710144927536,24.5947170857893,983.892687397664
llama,8b,1e-06,0.04,1800,33697.8,56.996587030716725,24.747474747474747,76.95223654283548,77.71360286795459,75.68008705114254,53.66305091631046,87.34424659902393,62.3,80.82191780821918,23.823685384947733,1001.0643499993492
llama,8b,1e-06,0.04,2000,37442.0,56.91126279863481,25.252525252525253,76.64897649734648,77.68372834096795,75.84330794341676,53.639795739071,85.42334339552389,64.03333333333333,79.86577181208054,22.01220055712813,976.4507104575438
llama,8b,1e-06,0.04,2031,38022.3,56.74061433447098,24.747474747474747,76.11827141774071,77.85301732722564,75.73449401523395,53.628180844946,86.55240317912028,62.7,80.27210884353741,24.342977491077296,976.6783171561704
llama,8b,2e-06,0.01,200,3749.2,56.14334470989761,26.262626262626267,77.78620166793026,78.55008962358096,75.51686615886834,53.50684573511232,81.44789159430312,71.76666666666667,86.45833333333334,38.18804125534411,1031.9806211457355
llama,8b,2e-06,0.01,400,7498.3,57.08191126279864,27.27272727272727,67.39954510993176,78.82891854212308,74.75516866158868,55.08247875434304,80.44122927166585,53.23333333333333,77.51677852348993,34.58552264179695,953.468600512648
llama,8b,2e-06,0.01,600,11247.5,57.423208191126285,27.77777777777778,71.79681576952237,79.08783110934077,75.62568008705114,57.33769653499453,79.80674610034708,34.56666666666666,73.12925170068027,34.95038420680652,849.2229199635115
llama,8b,2e-06,0.01,800,14996.6,59.38566552901023,25.75757575757576,73.76800606520091,79.49611631149173,76.06093579978237,58.23007141761701,79.19475879555135,25.23333333333333,68.91891891891892,32.554781848294844,787.0935332695544
llama,8b,2e-06,0.01,1000,18745.8,59.30034129692833,25.75757575757576,73.61637604245641,79.78490340569607,76.11534276387377,58.10242298818573,74.16017278598562,25.666666666666664,59.72222222222222,29.30811565175353,816.974661580194
llama,8b,2e-06,0.01,1200,22494.9,59.89761092150171,26.767676767676768,74.14708112206216,79.45628360884285,75.89771490750816,59.12076210703968,69.33165113011255,23.266666666666666,54.7945205479452,29.84418001438813,820.2336680953982
llama,8b,2e-06,0.01,1400,26244.1,59.72696245733788,27.77777777777778,74.29871114480667,79.97410874327822,76.16974972796517,59.9064604790178,71.11142878673033,21.3,62.58503401360544,26.945778773268643,778.6233380527312
llama,8b,2e-06,0.01,1600,29993.3,59.64163822525597,31.313131313131315,72.10007581501138,79.99402509460268,76.82263329706203,61.20441782243896,54.673765608585214,15.433333333333334,50.352112676056336,28.695716485711337,696.2183005542213
llama,8b,2e-06,0.01,1800,33742.4,59.72696245733788,29.29292929292929,73.1614859742229,80.02389962158932,76.44178454842219,60.59510597969947,63.75001662256147,20.9,57.53424657534247,30.563028588044016,769.2565713692319
llama,8b,2e-06,0.01,2000,37491.6,59.55631399317406,30.303030303030305,72.25170583775588,79.8546106353316,76.44178454842219,60.79463263857933,63.602629910858745,16.299999999999997,57.66666666666666,30.00822636715284,748.1402515871289
llama,8b,2e-06,0.01,2031,38072.7,59.72696245733788,30.303030303030305,72.63078089461713,80.0637323242382,76.76822633297063,60.73934057302092,64.30205188898789,17.066666666666666,53.76712328767124,29.734949033950176,752.0114336175252
llama,8b,2e-06,0.02,200,3757.3,55.71672354948806,27.27272727272727,76.19408642911296,78.22146982672774,75.73449401523395,52.44974177950763,81.35547015252862,69.26666666666665,84.82758620689656,29.67971725197152,1022.6563058823456
llama,8b,2e-06,0.02,400,7514.7,56.14334470989761,29.29292929292929,75.43593631539045,78.68950408285203,75.0272034820457,54.78797152781618,83.20018661595677,66.1,83.78378378378379,31.955685601732448,998.6665232355438
llama,8b,2e-06,0.02,600,11272.0,55.46075085324232,28.78787878787879,71.87263078089462,78.92850029874528,74.9183895538629,57.13669768737753,83.51867489372643,60.6,80.27210884353741,26.16022381200452,988.6352525419212
llama,8b,2e-06,0.02,800,15029.4,56.996587030716725,26.767676767676768,73.76800606520091,78.60983867755427,75.95212187159956,58.04557183873072,85.51327145307783,51.8,86.36363636363636,25.039670295410925,941.819318661496
llama,8b,2e-06,0.02,1000,18786.7,57.5938566552901,27.77777777777778,73.99545109931766,78.29117705636327,76.16974972796517,57.40097911345673,82.8305008488588,47.33333333333333,77.3972602739726,27.865748594914493,910.6650742890656
llama,8b,2e-06,0.02,1200,22544.1,57.93515358361775,27.27272727272727,72.40333586050039,78.54013144791874,76.278563656148,57.55407507630133,83.41251213446986,52.13333333333333,82.43243243243244,25.37022705141248,914.1714474544472
llama,8b,2e-06,0.02,1400,26301.4,58.10580204778157,27.27272727272727,72.02426080363912,78.64967138020315,76.3329706202394,58.43443599570377,84.2368249577787,42.833333333333336,79.3103448275862,24.25568660667676,936.384889554481
llama,8b,2e-06,0.02,1600,30058.8,58.10580204778157,27.77777777777778,71.49355572403337,78.60983867755427,76.6050054406964,58.710517107040296,83.75222188238318,48.0,78.71621621621621,25.26221339346293,934.608586485645
llama,8b,2e-06,0.02,1800,33816.1,58.02047781569966,27.77777777777778,70.81122062168309,78.48038239394542,76.44178454842219,58.2688178968148,83.30884275943386,47.23333333333333,80.95238095238095,26.486111046421268,945.4049839592246
llama,8b,2e-06,0.02,2000,37573.5,58.02047781569966,28.28282828282828,70.12888551933283,78.45050786695877,76.38737758433079,58.61352407538541,84.31301169785058,44.56666666666666,79.85611510791367,25.79193016990801,891.6682120523012
llama,8b,2e-06,0.02,2031,38155.8,58.19112627986348,28.28282828282828,69.97725549658831,78.39075881298547,76.550598476605,58.47734602261758,84.47912649547644,45.83333333333333,77.7027027027027,26.626786878560143,931.5583645190936
llama,8b,2e-06,0.04,200,3743.0,55.80204778156996,24.747474747474747,76.49734647460197,77.98247361083449,76.11534276387377,50.9514671579396,82.14980695665278,69.1,79.66666666666666,26.93631238138478,1007.4326066464662
llama,8b,2e-06,0.04,400,7486.1,57.33788395904437,27.77777777777778,76.19408642911296,78.74925313682533,75.46245919477693,53.697053724541824,83.62483765298298,64.1,79.47019867549669,27.574234795893084,937.0505607027286
llama,8b,2e-06,0.04,600,11229.1,56.56996587030717,26.767676767676768,74.07126611068992,78.56004779924318,75.62568008705114,55.04734242506967,84.93624693590785,61.266666666666666,81.20567375886525,25.37935142694489,974.5039439307936
llama,8b,2e-06,0.04,800,14972.2,56.058020477815695,26.262626262626267,71.72100075815011,78.48038239394542,75.95212187159956,55.6543702690799,84.53907853384575,59.43333333333333,79.92957746478874,20.654122907307023,923.6783159849743
llama,8b,2e-06,0.04,1000,18715.2,58.36177474402731,26.262626262626267,73.23730098559514,78.3011352320255,75.78890097932536,55.48123848959884,84.87629489753854,58.83333333333333,79.13669064748201,21.21877144626252,940.3335284576792
llama,8b,2e-06,0.04,1200,22458.3,58.61774744027304,27.77777777777778,71.49355572403337,78.29117705636327,75.89771490750816,55.10766846896421,84.98245765679509,56.86666666666667,81.97278911564626,20.451870029879355,930.577279019946
llama,8b,2e-06,0.04,1400,26201.3,58.53242320819113,27.77777777777778,70.9628506444276,78.35092611033659,75.95212187159956,55.51489122946814,84.58279587051246,57.83333333333333,82.86713286713287,22.207366795320027,979.0553708904442
llama,8b,2e-06,0.04,1600,29944.4,58.27645051194538,25.75757575757576,69.2191053828658,78.12188807010556,76.06093579978237,55.1582955695321,84.0519820742297,57.36666666666666,80.3448275862069,21.384566704827208,928.3382970241177
llama,8b,2e-06,0.04,1800,33687.4,57.93515358361775,27.27272727272727,70.88703563305533,77.98247361083449,76.38737758433079,54.92174447383823,85.14857245442093,58.1,81.25,21.16928178191333,914.066162519012
llama,8b,2e-06,0.04,2000,37430.4,58.02047781569966,27.27272727272727,69.67399545109932,77.86297550288786,76.22415669205658,55.05169505731894,85.80178371166282,58.5,77.36486486486487,20.770395202982563,961.4914524371396
llama,8b,2e-06,0.04,2031,38010.6,57.84982935153583,27.27272727272727,70.12888551933283,77.98247361083449,76.278563656148,55.10374207181479,85.52950615478044,57.0,83.10344827586206,22.053822233190026,922.7996312325232
llama,8b,4e-06,0.01,200,3730.4,56.484641638225256,26.767676767676768,70.20470053070508,78.58992232622984,74.9727965179543,56.86599544738702,80.99326453809226,62.33333333333333,83.10344827586206,35.46323494578764,951.8854174972628
llama,8b,4e-06,0.01,400,7460.9,58.02047781569966,27.77777777777778,66.11068991660348,79.12766381198965,75.46245919477693,58.721674237758414,77.11272756286654,32.766666666666666,70.8904109589041,33.11205304030043,830.5520658890767
llama,8b,4e-06,0.01,600,11191.3,58.95904436860068,32.323232323232325,70.05307050796058,79.81477793268273,76.11534276387377,64.05552153171958,71.09020731658666,21.633333333333333,59.79020979020979,30.767810329244444,799.2020889275234
llama,8b,4e-06,0.01,800,14921.7,60.665529010238906,27.77777777777778,68.46095526914328,80.68113921529576,76.93144722524482,62.759299511915714,73.30588394349216,16.299999999999997,58.66666666666666,24.367773788985986,753.93869890097
llama,8b,4e-06,0.01,1000,18652.2,60.49488054607508,28.78787878787879,73.23730098559514,80.13343955387373,77.04026115342764,61.32894337632455,68.23007398148025,21.33333333333333,57.09219858156028,25.117696042340555,786.8553467858098
llama,8b,4e-06,0.01,1200,22382.6,60.75085324232082,26.262626262626267,70.28051554207732,80.30272854013145,77.14907508161045,63.94384971808791,59.39861788942228,18.6,54.5774647887324,24.75219089567436,748.3204385164606
llama,8b,4e-06,0.01,1400,26113.0,61.00682593856656,27.77777777777778,71.2661106899166,80.37243576976698,77.9107725788901,66.0164331746382,71.47363440116669,21.0,59.375,24.483149423342244,777.259492173925
llama,8b,4e-06,0.01,1600,29843.5,61.00682593856656,27.77777777777778,71.56937073540561,80.41226847241585,77.63873775843308,66.73313501437369,51.696221580960746,14.23333333333333,46.89655172413793,24.67072515078376,665.1341634609091
llama,8b,4e-06,0.01,1800,33573.9,60.49488054607508,26.262626262626267,70.12888551933283,80.42222664807808,78.18280739934713,65.64144255086435,63.52145640234578,19.03333333333333,55.172413793103445,29.05751982362891,770.9086655516966
llama,8b,4e-06,0.01,2000,37304.3,60.580204778157,27.77777777777778,67.17210007581501,80.48197570205139,78.34602829162132,65.98052357229015,57.963536749158905,15.466666666666663,50.71942446043165,28.855036978214827,736.8575702348534
llama,8b,4e-06,0.01,2031,37882.5,60.580204778157,25.75757575757576,67.93025018953753,80.32264489145588,78.12840043525571,65.91905609359682,56.6658687837161,16.299999999999997,48.63013698630137,26.654884244512026,732.5082818542968
llama,8b,4e-06,0.02,200,3721.0,56.31399317406144,25.75757575757576,69.97725549658831,78.57996415056762,74.9727965179543,54.685726418386494,81.52657171859555,64.4,77.89115646258503,28.097434131728672,1014.2224811387176
llama,8b,4e-06,0.02,400,7442.0,57.423208191126285,29.7979797979798,75.8150113722517,79.39653455486955,74.9727965179543,55.73113494629449,79.74430067775724,57.43333333333333,86.64383561643835,34.96223003986565,964.0376972912668
llama,8b,4e-06,0.02,600,11163.1,58.10580204778157,29.29292929292929,67.39954510993176,79.51603266281617,76.11534276387377,61.50458984333508,80.79218695284068,54.3,82.16783216783216,31.085632852420748,939.4983773246204
llama,8b,4e-06,0.02,800,14884.1,59.47098976109216,30.303030303030305,66.868840030326,79.50607448715395,76.82263329706203,60.57925033193136,81.7963558912574,39.56666666666666,75.6578947368421,23.65031172789131,889.6337711020433
llama,8b,4e-06,0.02,1000,18605.1,60.23890784982935,31.818181818181817,69.3707354056103,79.12766381198965,76.44178454842219,58.76776140895112,80.59360275180964,43.16666666666667,80.13698630136986,21.92735624492716,914.0869726741004
llama,8b,4e-06,0.02,1200,22326.1,61.00682593856656,30.80808080808081,67.17210007581501,79.18741286596295,76.6594124047878,60.55683015725192,81.66021711281621,46.0,77.18120805369128,21.26978282229618,901.343154047561
llama,8b,4e-06,0.02,1400,26047.1,61.60409556313993,30.303030303030305,65.95905989385898,79.30691097390958,76.6594124047878,59.51064123289835,83.27637335602867,39.93333333333333,77.93103448275862,22.42793683773116,870.8869348552164
llama,8b,4e-06,0.02,1600,29768.2,61.43344709897611,31.818181818181817,65.95905989385898,79.34674367655845,77.25788900979326,61.26595551432088,81.0232405572769,38.56666666666666,73.07692307692307,24.66551197695769,855.5499909875334
llama,8b,4e-06,0.02,1800,33489.2,61.262798634812285,29.7979797979798,66.71721000758151,79.24716191993627,76.93144722524482,60.25244231314238,80.67726964454314,40.23333333333333,76.20689655172413,24.616743093835684,895.8685111315251
llama,8b,4e-06,0.02,2000,37210.2,61.43344709897611,30.303030303030305,65.95905989385898,79.21728739294961,76.98585418933624,60.58879785117903,80.62856553943536,35.56666666666666,76.92307692307693,24.12974468007978,862.4220244715058
llama,8b,4e-06,0.02,2031,37787.0,61.262798634812285,30.80808080808081,64.89764973464746,79.23720374427405,77.04026115342764,60.78217098386697,82.39460187857107,35.33333333333333,76.59574468085107,22.268642575347645,867.8419513837085
llama,8b,4e-06,0.04,200,3720.3,56.058020477815695,24.747474747474747,73.61637604245641,78.48038239394542,75.29923830250273,54.381235948936975,82.77553557893057,67.69999999999999,80.82191780821918,22.823983316196067,983.6101130707608
llama,8b,4e-06,0.04,400,7440.6,56.22866894197952,31.818181818181817,73.76800606520091,78.71937860983867,75.40805223068553,55.52188426794895,83.65730705638816,59.633333333333326,77.89115646258503,26.551628336519624,991.3015571953478
llama,8b,4e-06,0.04,600,11160.9,54.86348122866895,30.303030303030305,69.29492039423806,78.55008962358096,75.89771490750816,57.18683429611332,82.75680749300743,50.83333333333333,81.08108108108108,22.28289557628209,957.9864933627862
llama,8b,4e-06,0.04,800,14881.1,55.972696245733786,27.77777777777778,68.38514025777104,78.80900219079865,76.76822633297063,57.83647181593577,82.0411508131757,48.7,78.96551724137932,17.202138249129135,944.5231717653568
llama,8b,4e-06,0.04,1000,18601.4,58.53242320819113,28.78787878787879,70.65959059893859,77.9326827325234,76.00652883569097,55.36963206630343,82.69685545463813,50.13333333333333,72.75862068965517,17.57249334294985,886.4370663258438
llama,8b,4e-06,0.04,1200,22321.7,57.84982935153583,29.7979797979798,71.87263078089462,78.5700059749054,77.14907508161045,55.3392428242843,83.27637335602867,50.8,78.08219178082192,17.825745746841257,930.4303947958504
llama,8b,4e-06,0.04,1400,26042.0,57.67918088737202,29.7979797979798,72.17589082638362,78.87870942043418,76.76822633297063,55.86623509225581,83.55114429713161,49.83333333333333,77.55102040816327,20.315307604584607,917.705828564546
llama,8b,4e-06,0.04,1600,29762.3,57.76450511945392,30.303030303030305,70.58377558756634,78.18163712407888,76.550598476605,56.13561007733778,84.84631887835388,51.4,76.51006711409396,19.80148553729682,919.2290037640004
llama,8b,4e-06,0.04,1800,33482.6,57.5938566552901,26.767676767676768,70.73540561031083,78.11192989444334,76.6050054406964,55.88976144291698,84.873801513318,48.66666666666666,82.51748251748252,20.031086861199345,944.4975714008458
llama,8b,4e-06,0.04,2000,37202.9,57.423208191126285,28.28282828282828,68.91584533737681,78.06213901613225,76.76822633297063,56.15284415090641,84.296776996148,48.56666666666666,77.62237762237763,17.540125551081474,928.0862161976388
llama,8b,4e-06,0.04,2031,37779.5,57.76450511945392,30.303030303030305,69.2191053828658,78.02230631348337,76.82263329706203,56.25997886478413,85.22475919449283,47.53333333333333,79.3918918918919,18.886748574098704,917.8844866765352
